TERM (TENOR),1M,1M,1M,1M,1M,1M,1M,1M,1M,3M,3M,3M,3M,3M,3M,3M,3M,3M,6M,6M,6M,6M,6M,6M,6M,6M,6M,9M,9M,9M,9M,9M,9M,9M,9M,9M,1Y,1Y,1Y,1Y,1Y,1Y,1Y,1Y,1Y,18M,18M,18M,18M,18M,18M,18M,18M,18M,2Y,2Y,2Y,2Y,2Y,2Y,2Y,2Y,2Y,3Y,3Y,3Y,3Y,3Y,3Y,3Y,3Y,3Y,4Y,4Y,4Y,4Y,4Y,4Y,4Y,4Y,4Y,5Y,5Y,5Y,5Y,5Y,5Y,5Y,5Y,5Y,7Y,7Y,7Y,7Y,7Y,7Y,7Y,7Y,7Y,10Y,10Y,10Y,10Y,10Y,10Y,10Y,10Y,10Y,15Y,15Y,15Y,15Y,15Y,15Y,15Y,15Y,15Y,20Y,20Y,20Y,20Y,20Y,20Y,20Y,20Y,20Y,25Y,25Y,25Y,25Y,25Y,25Y,25Y,25Y,25Y
MATRUITY (EXPIRY),1Y,2Y,3Y,4Y,5Y,6Y,7Y,8Y,9Y,1Y,2Y,3Y,4Y,5Y,6Y,7Y,8Y,9Y,1Y,2Y,3Y,4Y,5Y,6Y,7Y,8Y,9Y,1Y,2Y,3Y,4Y,5Y,6Y,7Y,8Y,9Y,1Y,2Y,3Y,4Y,5Y,6Y,7Y,8Y,9Y,1Y,2Y,3Y,4Y,5Y,6Y,7Y,8Y,9Y,1Y,2Y,3Y,4Y,5Y,6Y,7Y,8Y,9Y,1Y,2Y,3Y,4Y,5Y,6Y,7Y,8Y,9Y,1Y,2Y,3Y,4Y,5Y,6Y,7Y,8Y,9Y,1Y,2Y,3Y,4Y,5Y,6Y,7Y,8Y,9Y,1Y,2Y,3Y,4Y,5Y,6Y,7Y,8Y,9Y,1Y,2Y,3Y,4Y,5Y,6Y,7Y,8Y,9Y,1Y,2Y,3Y,4Y,5Y,6Y,7Y,8Y,9Y,1Y,2Y,3Y,4Y,5Y,6Y,7Y,8Y,9Y,1Y,2Y,3Y,4Y,5Y,6Y,7Y,8Y,9Y
Date,,,,,,,,,,,,,,,,,,,,,,,,,,,,,,,,,,,,,,,,,,,,,,,,,,,,,,,,,,,,,,,,,,,,,,,,,,,,,,,,,,,,,,,,,,,,,,,,,,,,,,,,,,,,,,,,,,,,,,,,,,,,,,,,,,,,,,,
2024-09-25,96.744225,104.91439,103.02427,101.99924,99.099655,96.52005,93.55616,92.669464,91.59214,111.736786,113.933975,111.72401,109.88838,107.99446,104.83379,103.407776,101.62746,100.68996,113.27289,111.91032,108.44427,106.40971,104.23584,102.673004,101.24148,100.01166,99.31557,112.96836,110.75195,107.81193,105.78565,103.81599,102.13162,100.69689,99.63801,98.96359,112.4692,109.88031,107.35797,104.94199,102.915855,101.394806,100.44023,99.23763,98.5638,110.60605,107.985886,105.40827,103.66419,102.13129,100.475876,99.420204,98.36202,97.83436,108.156334,105.907974,104.34733,102.85692,100.57189,99.533615,98.27517,97.6202,97.13678,104.37834,102.74456,101.04581,99.69112,98.18603,97.385544,96.66413,95.764915,95.2181,101.79154,100.015884,98.72876,97.77447,97.09982,95.83602,95.25812,94.478874,93.974144,100.244125,98.41166,97.19711,96.49618,95.50127,94.86447,93.955765,93.51045,92.83815,97.522385,95.610016,94.38469,93.6569,92.63179,91.801315,91.20967,90.30829,89.78445,92.93585,91.120476,89.92317,88.78911,87.74765,86.97421,86.26269,84.55017,84.75865,85.03717,82.973946,81.76301,80.42139,79.19361,78.338844,77.60798,76.86428,76.09753,77.323265,76.01202,74.79145,73.42347,72.06076,71.485085,70.47289,70.04994,69.01887,75.182915,74.425476,73.32692,71.455284,69.67791,69.35676,68.27637,67.771736,66.90349
2024-09-26,96.58718,105.04582,102.637825,101.18352,98.31946,95.55635,93.130936,91.56198,89.70598,112.645134,114.94732,112.68321,110.744675,109.040016,106.06033,104.49778,102.887344,101.407425,113.995094,112.923386,109.35916,107.22555,105.29363,103.43692,102.10767,100.94309,100.120026,113.7248,111.82223,108.93185,106.82432,104.783775,103.20697,101.74747,100.67858,99.65936,113.39901,111.23287,108.64845,106.07513,104.134186,102.63551,101.2739,100.41616,99.496414,112.19127,108.981,106.39804,104.59239,102.65414,101.39735,100.25691,99.30265,98.4205,108.76436,107.27833,105.15197,103.94551,101.277916,100.24425,99.049644,98.276,97.714035,105.062515,103.194336,101.54435,100.34062,98.94289,98.08311,97.14614,96.47904,95.90543,102.70825,100.46501,99.23403,98.44755,97.635086,96.778824,95.77821,95.09306,94.790596,100.77325,99.06784,97.87502,96.832825,95.99509,95.36982,94.68627,94.127144,93.22926,98.32524,96.227585,94.96046,94.143326,93.192406,92.33831,91.829346,90.848114,90.266136,93.57373,91.84534,90.44864,89.396835,88.35771,87.36193,86.71766,85.87361,85.069565,84.91549,83.613556,82.44483,80.81033,79.67613,78.92896,78.19659,77.54992,76.58081,77.83829,76.26177,75.577774,74.166,72.02833,72.00421,70.62159,70.24369,69.62951,75.88088,74.93106,73.66648,71.84506,70.32551,69.91282,68.55694,68.207985,67.13585
2024-09-27,98.78526,107.09541,104.69662,103.18951,100.16614,97.773575,95.0669,93.477356,91.88346,113.760254,115.10102,112.72674,110.63591,109.35102,105.81479,104.59489,102.575676,101.25342,112.87855,111.70731,108.450516,106.501114,105.25544,103.00416,101.43945,100.39995,99.56606,113.01557,110.27586,107.856415,105.71176,103.74017,102.411736,101.057594,99.65952,98.81975,112.82077,109.39943,107.25945,105.49307,102.85823,101.44508,100.134964,99.09408,98.36583,111.73727,107.69927,105.4733,103.49163,101.96235,100.48812,99.50691,98.42008,97.83406,108.11712,105.91811,104.35888,103.129974,100.56695,99.68424,98.55645,97.76402,96.87277,104.844215,102.71481,101.561745,99.73887,98.578255,97.93515,96.487274,96.09871,95.52227,102.35749,100.3101,99.02318,98.58682,97.3974,96.58136,95.6356,95.01671,94.35023,100.98374,99.20347,97.86692,97.05711,96.10312,95.317566,94.695946,94.18839,93.318405,98.19677,96.069336,95.010086,94.19003,93.30033,92.52454,91.84394,91.18919,90.49561,93.907616,91.54116,90.241165,89.55883,88.33131,87.46132,86.858444,86.078415,85.34288,86.0996,83.57291,82.59868,80.975365,79.890465,79.21366,78.49055,77.613976,76.7838,78.108055,76.43066,75.66375,74.21965,72.725136,72.187485,69.859024,70.62,69.292175,75.36914,75.20893,73.974174,72.327126,69.37566,69.962715,68.96811,68.273964,67.169044
2024-09-30,100.62487,109.37938,107.15286,105.662155,102.72921,99.95856,97.40927,95.95706,94.29413,112.86093,114.61206,112.25264,110.94443,109.18954,106.39313,104.760956,102.92814,101.61017,112.46525,111.03388,107.931595,106.31179,105.18704,103.22924,101.66368,100.62368,99.729225,112.366066,109.87739,107.2753,105.62001,104.00045,102.3664,100.95133,99.92907,98.89028,112.31468,109.09151,106.907646,104.603775,102.970375,101.69503,100.274254,99.26162,98.77109,110.99574,107.01676,104.83838,103.17441,101.62058,100.396576,99.24394,98.40527,97.54127,107.13961,105.39167,103.842804,102.567444,100.349884,99.22443,98.26634,97.34808,96.72824,103.7562,101.9081,100.41213,99.11723,97.80883,97.012886,96.0438,95.3575,94.74075,101.44935,99.33839,98.304,97.39417,96.57177,95.770676,94.80243,94.21112,93.56916,99.74203,98.11901,96.80632,96.08851,95.13297,94.45167,93.69609,93.157814,92.4244,96.95289,95.229355,94.145676,93.38207,92.423676,91.419365,91.00276,90.1734,89.556694,92.47332,90.84235,89.54694,88.48829,87.21046,86.68855,85.7595,85.18588,84.24329,84.57072,82.841,81.70114,80.36131,79.02268,78.38074,77.52583,76.701965,76.03685,76.89545,75.68626,74.66737,73.0477,72.000534,71.253586,69.83267,69.73605,68.96819,75.01382,73.62772,72.95528,70.19917,69.92153,68.17207,68.1991,66.78307,66.655945
2024-10-01,109.67922,118.40874,115.9701,114.69562,112.1054,108.99514,105.99118,104.001625,102.46541,114.78179,116.313774,112.98543,111.1081,109.589516,106.082726,104.54428,102.81149,101.34841,114.0888,112.67959,109.0102,107.36602,105.78867,103.88987,102.315346,101.025696,100.07985,113.97088,111.164986,108.042465,106.20167,104.62298,102.75335,101.37905,100.19886,99.24001,113.5652,110.19835,107.47799,104.81616,103.11999,101.5998,100.33986,99.433044,98.670906,111.78081,107.29121,104.9274,103.10985,101.66519,100.244125,99.21534,98.17782,97.452515,107.21147,105.188545,103.410126,102.24041,100.32786,99.1601,98.08633,97.29578,96.63892,103.12451,101.68971,100.13434,98.97347,97.59258,96.57859,95.89544,95.20469,94.75606,100.816414,99.12185,98.017235,97.29428,96.31308,95.47914,94.575005,93.92018,93.46973,99.218796,97.42589,96.30441,95.11847,94.79228,94.14507,93.38947,92.87403,92.2475,96.623245,94.97776,93.86933,93.10024,92.333824,91.49193,90.826866,90.00172,89.24873,92.2799,90.535095,89.203445,88.17978,87.34744,86.403656,85.74997,84.90885,84.08847,84.623184,82.65616,81.32706,80.244545,78.690575,78.168465,77.3486,76.4054,75.814476,76.66738,75.536,74.533066,73.2972,71.488106,71.245514,70.22068,69.56649,68.84412,74.82566,73.95915,72.89818,71.04449,69.68825,69.172356,67.90262,67.53875,66.43199
2024-10-02,110.568436,117.852264,114.66152,112.46814,108.388084,105.76376,103.07463,101.37068,99.437614,113.585625,115.65934,112.57685,111.08016,109.57777,106.56131,104.99808,103.23597,101.32238,113.845726,112.69315,109.26274,107.65248,106.45854,104.24411,102.473236,101.38551,100.32117,113.90657,111.95091,108.33859,106.71005,105.08091,103.265526,101.726265,100.66241,99.84163,113.91194,110.43655,107.73441,105.4936,103.665245,102.41391,100.92032,99.9976,99.23067,112.28221,108.246376,105.2806,104.05277,102.34576,101.16741,99.749306,98.96928,98.234764,107.94445,105.77486,103.97421,103.20978,100.87605,99.89164,98.992676,97.975685,97.570946,103.84601,102.18075,101.08154,99.883286,98.51798,97.70254,96.94328,96.2538,95.810524,101.675415,99.8952,99.10071,98.08348,97.39475,96.45996,95.71087,94.91109,94.501335,99.98508,98.28586,97.25447,96.47441,95.75089,95.05512,94.24548,93.85495,93.15311,96.984604,95.80223,94.76851,93.91953,93.18369,92.41447,91.683304,90.84786,90.282814,93.43679,91.741135,90.32444,89.37439,88.27174,87.457,86.62132,85.775345,84.99425,85.85196,83.600204,82.30153,81.31635,79.92293,79.00238,78.358475,77.59866,76.70793,77.72619,76.67515,75.64203,74.08168,72.19394,72.0989,71.14719,70.60542,69.62121,75.69458,74.93937,73.74713,72.28692,70.51886,69.88085,69.037704,68.26806,67.38822
2024-10-03,112.23987,118.06997,114.49887,111.86684,107.620346,104.73539,101.92924,100.06569,98.34615,113.052246,115.73132,113.06076,111.55641,110.09283,106.889824,105.24036,103.6265,102.138214,113.349556,112.95189,109.72211,108.02321,106.39737,104.45854,102.71297,101.51289,100.54017,113.57523,111.54713,108.84766,107.1449,105.60993,103.879555,102.03605,101.11875,100.02038,113.85525,110.55616,108.22075,106.337105,104.614685,102.94505,101.41417,100.47973,99.58676,112.77229,108.21914,105.688545,104.4022,103.02223,101.60245,100.4081,99.30784,98.55526,107.65123,105.873535,104.37384,103.136604,101.28699,100.13067,99.12909,98.22876,97.60395,104.25416,102.87787,101.65221,100.38739,98.91962,98.1258,97.20883,96.59719,96.019005,101.931915,100.23804,99.097885,98.30005,97.49704,96.55742,95.692245,95.11404,94.520096,100.09204,98.61567,97.57263,96.74571,95.898544,95.173256,94.509834,93.88291,93.24216,97.24336,96.121025,94.97063,94.242676,93.26341,92.45891,91.941124,90.95047,90.360855,93.8641,91.946335,90.458855,89.47816,88.34888,87.41227,86.48744,85.8149,84.75331,85.53322,83.875175,82.71748,81.076324,79.81759,79.0242,78.35913,77.615814,76.70312,77.731186,75.74861,75.00374,74.003044,72.439316,72.08899,70.93031,70.50908,69.626434,75.39417,74.91887,73.68747,72.284996,70.67668,69.866,68.77084,68.1309,67.24933
2024-10-04,104.07776,114.09355,112.23025,110.65717,106.91715,104.60568,101.73986,100.07574,98.56832,110.87175,116.31223,114.09806,112.85043,110.98321,107.931755,106.39221,104.59764,103.301155,115.36412,114.967545,111.92955,110.11418,108.464584,106.422775,104.741684,103.49179,102.62857,115.602905,113.21178,110.744675,108.71012,106.67794,104.99364,103.511375,102.40233,101.50587,115.54786,112.11606,109.655334,107.659325,105.97178,104.873276,103.01061,102.03245,101.13089,113.84273,109.69039,107.332726,105.71937,104.39472,102.99949,101.816895,100.87843,100.041534,109.59643,106.95668,106.05138,104.74829,103.41095,101.73522,100.719536,99.9806,99.19322,105.45269,103.73241,103.027985,101.7103,100.30791,99.55127,98.5919,97.774445,97.57131,102.38245,101.790565,100.0934,99.564926,98.733444,98.05566,96.91746,96.29485,95.73251,101.3437,99.74715,98.67158,97.883804,97.03282,96.43371,95.65832,95.15579,94.45652,98.18265,96.84585,95.91104,95.12522,94.56832,93.448364,92.86542,92.27458,91.60268,94.35482,92.93791,91.48185,90.196304,89.60573,88.40624,87.89705,86.720245,86.36372,85.996254,85.224594,83.81612,82.52684,81.096504,80.16512,79.74858,78.758575,78.155594,79.05865,77.7867,76.49798,75.315155,74.06247,73.346214,71.767746,71.84782,70.32904,77.07766,76.26758,75.05812,73.6427,71.47993,71.233284,70.39149,69.63121,68.550125
2024-10-07,118.67025,131.43677,129.05673,128.04616,124.855896,123.315506,122.03095,120.80621,119.61365,112.441536,117.60298,115.219345,113.75595,112.44115,109.58989,108.384926,106.91484,106.0242,115.49459,115.19606,112.242134,110.62813,108.973755,107.06066,105.7402,104.68216,103.639305,115.040855,113.611664,111.71728,109.15344,107.94923,106.12899,104.9053,103.579834,102.796684,114.84324,112.47541,110.08244,108.315506,107.27121,105.62243,104.18251,103.13148,102.68232,113.6104,110.14426,107.68342,107.43503,106.346954,104.12651,103.03802,102.008804,101.10554,109.09796,107.51147,106.648766,105.36102,103.742096,102.61409,101.59918,100.76551,100.14765,105.669685,104.4334,103.27425,102.20774,101.04451,100.27019,99.346405,98.516205,98.11348,103.31008,101.8571,100.64101,100.2217,99.364716,98.57733,97.82521,97.123856,96.45782,101.661865,99.853546,99.34574,98.41128,97.57569,97.23847,96.40426,95.7644,95.170425,97.316025,97.33764,96.39371,95.87827,95.40895,94.4082,93.63747,92.83634,92.28537,94.938576,92.82781,91.481445,90.87708,89.97427,89.334175,88.50939,87.84033,86.8617,86.96743,85.574875,84.71237,83.35604,82.00869,81.26084,80.47537,79.753075,79.01133,79.323456,77.87937,77.29763,75.75952,74.36964,73.77299,73.163826,72.19103,71.76811,77.130455,76.93137,75.642334,74.07348,72.63685,71.60999,70.955956,70.32985,68.97693
2024-10-08,121.910965,130.13454,127.87644,127.387115,124.93013,123.16829,121.55941,120.89631,119.37059,114.32491,115.4482,113.20254,112.533676,111.38043,109.87089,107.716774,106.579796,105.255974,118.15909,113.14363,110.044624,109.07893,107.94391,106.50968,104.80957,104.03884,103.06646,116.487495,112.26952,109.43933,108.04661,106.85653,105.35339,103.78724,103.542755,102.0331,116.3134,110.94195,109.031555,107.40102,106.76368,104.859604,103.32217,102.450485,101.621315,114.00948,108.751,106.53671,106.47892,104.75403,103.39423,102.24432,101.18168,100.5565,109.04277,106.424934,105.34082,104.40471,103.41079,101.92106,101.009346,100.15439,99.273544,104.92141,102.924866,102.32151,101.28402,100.31584,99.57759,98.71497,98.16277,97.52561,102.007774,100.69975,99.60279,99.11781,98.45092,97.934,96.947945,96.40476,95.89617,100.32612,98.47983,97.845924,97.33984,96.73246,96.2884,95.47531,94.96115,94.511696,96.20388,96.049225,95.20823,94.81216,93.88813,93.46664,92.8139,91.997185,91.521866,92.993866,91.47797,90.63933,89.85795,89.19083,88.32281,87.6782,86.91145,86.06685,84.936325,84.3072,82.9404,81.95791,80.826706,80.13543,79.38953,78.81856,78.13458,76.93866,76.662445,76.060036,74.81648,73.19578,73.07353,72.192085,71.69648,70.54308,75.715385,75.37595,74.551285,72.68911,71.670395,70.88002,70.03482,69.24967,68.44114
2024-10-09,117.95688,131.91869,128.68015,127.61771,124.20701,121.86101,119.812904,118.20097,117.02747,113.28829,118.557236,116.14939,114.49351,113.13494,110.24565,109.34605,107.69946,106.47403,116.27756,115.92084,112.79825,110.999695,110.213615,107.67113,106.08333,104.86434,103.9579,115.26282,114.96692,111.561516,109.974945,108.520676,106.21167,104.88119,103.79335,102.85652,114.556496,113.27858,110.748566,108.87296,107.21642,105.65791,104.39634,103.23092,102.357864,113.527115,110.50287,107.85945,106.59967,105.64608,104.0119,103.03846,101.59184,100.872284,109.379684,108.15102,106.30359,105.09775,103.4235,102.326614,101.41572,100.26283,99.647606,104.834915,103.61232,102.71,101.54801,100.31628,99.57682,98.64902,97.90347,97.416985,102.865814,101.33095,100.00812,99.42289,98.58373,97.59332,96.84491,96.20611,95.48544,101.059845,98.80201,97.981926,97.54779,97.00433,96.21246,95.08611,94.843956,94.16815,96.891495,96.36571,95.568344,94.77794,93.96658,93.457214,92.661896,91.764275,91.311005,93.439995,91.60458,90.67969,89.68119,88.8449,88.179596,87.41219,86.70085,85.855995,85.190346,84.2207,83.117516,81.79669,80.70187,79.98153,79.19366,78.33585,77.785675,78.11619,76.68768,75.54192,74.83739,73.4539,72.900154,71.7675,71.40454,70.411865,75.91174,75.51133,74.12419,72.98753,71.46402,70.856804,69.840324,69.05738,67.9545
2024-10-10,108.47009,122.962814,121.86136,121.57663,119.4324,117.70689,116.31087,115.07601,113.93819,110.701744,117.00274,115.43943,114.09682,112.6927,110.1977,108.78783,107.35944,106.147194,114.50716,114.55898,111.80886,110.334564,108.71602,107.18905,105.8402,104.76676,103.97606,114.48418,113.457344,110.979256,109.21193,107.68743,106.07793,105.22897,103.75035,102.96017,114.41393,112.75101,110.2185,108.45319,106.9958,105.61408,104.375595,103.25148,102.4582,113.178604,110.09341,107.60342,106.3908,105.390434,104.063324,102.8062,101.78366,101.145706,108.72883,107.186714,106.05477,105.078896,103.34679,102.235954,101.22596,100.284,99.777084,104.39265,103.306725,102.60526,101.5519,100.288574,99.628975,98.86853,98.13959,97.67708,102.548,100.66316,99.6031,99.045616,97.93784,97.4544,96.96534,96.43272,95.98255,100.63228,98.84587,98.1639,97.31416,96.54299,96.17139,95.531425,94.92593,94.47184,97.27863,96.518036,95.555756,94.97195,94.187515,93.542145,92.64193,92.12805,91.52963,93.78377,91.84716,90.8348,89.85282,89.11038,88.056755,87.64314,86.78612,86.17928,85.25097,84.41197,83.03297,81.57311,80.33247,79.95524,79.3351,78.72531,77.75355,78.17463,76.81075,75.91673,74.89036,73.43218,72.984764,71.19376,71.48297,70.341736,74.43576,75.61201,74.531494,72.88068,71.40387,70.63375,69.89444,68.5194,68.28
2024-10-11,109.517075,124.02381,123.20191,123.1118,121.08351,119.357895,117.871216,117.07385,115.33555,110.532364,116.11149,114.245094,113.99715,111.93854,109.414444,108.08514,106.84666,106.40738,115.37538,114.32172,111.88326,110.30186,108.96549,107.33928,106.32795,104.85055,104.174194,114.47019,113.39913,110.87604,109.1982,107.9151,106.31872,104.93903,104.00702,103.21724,114.44953,112.540474,109.992546,108.12903,107.508545,105.32161,104.75998,103.3572,102.559235,113.14206,110.29735,107.69622,106.51764,105.407715,104.00909,102.98196,102.03698,101.401115,108.8517,107.67667,106.59623,105.46419,103.75139,102.50583,101.6182,100.88487,100.044464,104.79439,104.47775,103.12887,102.14493,101.23367,100.157166,99.190765,98.62607,98.134514,102.540764,100.966484,100.10991,99.23356,98.531044,98.032845,97.22165,96.7547,96.3778,101.03167,99.42803,98.59617,98.225464,97.17536,96.72618,96.08475,95.59132,94.23696,97.51124,96.13135,95.43304,94.74524,94.42882,93.55167,93.00809,92.49065,91.942245,93.762344,91.32679,90.66998,90.26708,89.08532,88.483376,88.00406,87.18866,86.44218,85.20941,84.16218,83.41305,82.13973,80.61587,80.34859,79.2994,78.69261,78.107346,77.92795,77.00992,76.0479,75.08168,73.80171,73.207695,72.12278,71.8729,70.91624,76.19778,75.54412,74.47099,73.1566,71.65916,71.14705,69.729675,69.386215,68.584045
2024-10-15,116.88143,132.38385,131.3473,131.22154,129.4526,127.39474,125.42831,123.819405,123.10955,113.408195,119.386734,117.33608,116.04541,114.74482,112.097786,110.80623,109.27441,108.22083,116.04608,116.120964,113.15494,111.7343,110.220474,108.45491,107.03288,106.04648,105.04709,117.83715,115.26553,112.0691,110.37845,108.87299,107.96744,105.83615,104.81805,104.0905,116.206924,114.522934,111.256004,109.38822,107.73912,106.40519,105.10175,104.11747,103.548744,114.52704,111.76504,108.72317,107.37733,106.243515,104.743774,104.219734,102.71776,101.64969,110.54191,109.19358,107.65168,106.501686,104.80877,103.61448,102.6995,101.767006,101.03234,106.25895,104.84181,104.04603,103.07448,101.89524,100.78932,100.287476,99.56199,98.95587,104.131134,102.4565,101.039276,100.24853,99.26966,98.57461,97.85041,97.24813,96.932816,102.11495,100.267685,99.25014,98.54448,97.7309,97.09494,96.40167,95.87534,95.445564,98.61197,97.41914,96.17731,95.47499,94.78315,93.998856,93.276794,92.38153,91.92202,93.49987,91.948105,91.11283,90.30784,89.518234,88.798996,88.08321,87.25307,86.31745,85.50266,84.41733,83.0839,82.27915,81.034454,80.31412,79.4268,78.75718,78.042755,78.41212,76.81486,76.00676,74.837036,73.92039,73.347984,72.15849,71.34257,70.83394,76.272194,75.219894,74.481804,73.24453,71.84407,71.114494,70.00385,69.472015,68.18595
2024-10-16,111.595,127.14062,126.31827,126.59952,124.50005,122.44422,120.715126,119.156654,117.976685,112.05681,117.97142,115.48104,113.9152,112.76028,109.990654,108.99779,107.23662,105.8712,115.84583,115.256,111.890396,110.06327,108.39324,106.72453,105.19242,104.00736,103.23448,115.52866,114.408485,111.16052,109.0504,108.28578,105.822235,104.49148,103.71406,102.51192,116.15068,113.902016,110.2491,108.12525,106.73022,105.12083,103.901566,102.898636,102.10258,114.17448,111.09794,107.651115,106.563416,105.8719,103.81285,103.007965,101.64826,100.586205,110.385124,108.56356,106.83153,105.64826,104.571655,102.61787,101.91937,100.661095,99.908936,105.77102,104.72402,103.386444,102.71258,101.0589,100.06872,99.44323,98.552795,97.96149,103.27082,101.74698,100.48227,99.54137,98.71115,97.983406,97.08998,96.722145,96.12426,101.535194,99.85815,98.82624,98.08265,97.24055,96.55461,95.99682,95.25767,94.716095,98.27813,96.91178,95.8692,95.07477,94.237335,93.57752,92.74704,92.15636,91.3023,93.14643,91.47733,90.656715,89.833565,88.949104,88.22411,87.50743,86.64896,85.95251,84.99833,84.02807,82.90445,81.619865,80.632904,79.85159,79.03533,78.314095,77.735725,77.91157,76.43355,75.64608,74.69486,73.45326,72.870476,71.608315,71.21847,70.38082,75.90682,75.245026,73.878876,72.795555,71.06194,69.61869,68.70085,69.0146,68.294136
2024-10-17,111.81954,127.668526,127.08887,126.8193,125.231575,123.03813,121.15995,119.8363,118.57655,113.91434,119.896164,118.25556,115.82049,114.50352,111.949524,110.39352,109.220184,107.61282,117.1619,116.6986,113.165215,111.51005,109.66278,107.87625,106.394455,105.22902,104.2621,116.755005,115.70731,111.962074,110.081924,108.508804,106.81627,105.37843,104.229355,103.51364,117.2192,114.2458,110.951645,108.78133,107.15914,105.96891,104.85182,103.908745,103.06397,114.89347,112.22822,108.44124,107.16405,105.882164,104.57223,103.42646,102.48858,101.53444,110.62962,108.94901,107.06785,106.1765,104.69501,103.509254,102.37752,101.49254,100.68821,106.73876,104.91417,103.9226,103.01739,101.9081,101.17558,100.29191,99.43842,98.99155,103.99057,102.67694,101.36404,100.51264,99.44105,98.78022,98.04942,97.529205,97.00573,102.205635,100.53782,99.527954,98.90245,98.00585,97.3637,96.69951,96.11351,95.53608,99.08449,97.559746,96.52247,95.77731,94.95456,94.18939,93.60663,92.917,92.1494,93.64577,92.24504,91.205505,90.4036,89.65357,88.8738,88.128876,87.38696,86.78006,85.54311,84.45382,83.25011,82.413414,81.06162,80.32694,79.663,78.46414,78.32669,78.30776,76.925766,76.08766,74.93945,73.74666,73.28245,72.43235,71.67253,71.011215,76.30583,75.588,74.64261,73.28252,71.617,71.22463,70.274216,69.71736,68.68362
2024-10-18,112.65604,128.49046,127.63279,127.63612,126.012794,124.00681,122.1346,120.75087,119.22789,114.78009,119.63082,117.07816,115.37368,113.90519,111.14701,109.71166,108.24241,106.961174,117.62143,117.24158,113.454384,111.56995,109.60271,107.827866,106.20633,105.04857,104.06711,118.331085,116.750244,112.7001,110.71769,108.76187,107.14547,106.174194,104.73771,103.64983,118.13676,114.67025,111.14297,108.965836,107.19307,105.74927,104.593925,103.61141,102.87571,115.380974,112.41943,108.5212,107.26609,106.04598,104.57476,103.40144,102.274895,101.313896,110.948044,109.20829,107.29602,106.30127,104.82076,103.641884,102.73552,101.49233,100.78356,106.12241,104.76484,103.719986,102.83584,101.64072,100.81237,99.86534,99.36177,98.65923,103.191216,102.22591,101.081955,100.119965,99.194405,98.48921,97.75405,97.32247,96.88811,101.959656,100.39204,99.18761,98.37661,97.59101,96.79846,96.274796,95.60601,95.246056,99.01134,97.21917,96.20622,95.46791,94.482864,93.948425,93.30463,92.69158,91.73157,93.74773,92.35353,91.31169,90.359924,89.54602,88.70548,88.02307,87.250694,86.71942,85.094086,84.14014,83.375786,82.187874,80.85546,80.25936,79.289215,78.72212,77.920555,78.3273,76.7475,75.96132,74.84414,73.60332,73.075424,71.87796,71.47696,70.53066,75.921715,75.48413,74.50642,73.204704,71.40872,70.90436,70.100044,69.54146,68.41202
2024-10-21,116.82852,131.58191,131.95242,133.14467,130.46033,128.45848,126.91815,125.78754,124.01195,112.829384,120.2109,118.77652,117.59762,116.57582,113.87145,112.446884,111.21739,109.91582,117.87773,117.96651,115.28809,113.13118,111.63255,109.908485,108.12263,106.82399,105.671196,118.477165,118.115555,113.87109,111.86104,110.776794,108.25596,107.09052,106.14836,104.96842,118.27793,115.96725,112.70795,110.42996,108.42678,107.01492,106.15776,105.044304,104.21606,116.74451,113.805855,109.99894,108.56078,107.61904,105.70152,105.11803,103.423096,102.633026,111.54973,109.96697,108.4555,107.50093,105.959076,105.50991,103.691666,102.64578,101.88084,108.13588,106.48594,105.41382,104.786545,102.84067,102.137115,101.17449,100.339516,99.73712,105.06786,103.8908,102.617546,101.55858,100.459915,99.76545,98.99647,98.618706,97.855705,103.38155,101.747955,100.518555,99.56128,98.620766,98.27261,97.4592,96.88852,96.40357,99.73461,98.36133,97.47674,96.735405,95.66413,94.95285,94.25614,93.27749,92.94483,94.65275,93.04041,91.9798,91.01568,89.95259,89.27155,88.80412,87.82627,87.17047,86.39148,85.320724,84.110695,82.850174,81.795746,80.90239,80.07677,79.60923,78.777115,78.49356,77.10186,76.971565,74.627625,74.24915,73.28249,72.64384,72.21099,71.38704,76.62874,76.162125,75.26831,73.39728,72.03468,71.26304,70.09404,69.909676,68.95407
2024-10-22,113.60706,129.9154,130.59476,131.36984,130.46944,128.78731,127.47043,126.00631,124.86994,112.15924,120.28845,118.89387,117.95134,116.975494,114.844864,113.63124,112.43879,111.48111,117.28178,118.49373,115.759964,114.32384,112.82754,111.31109,109.925,108.51924,107.64254,118.8589,119.166435,115.54221,113.18271,111.29925,109.91322,108.39422,107.44971,106.52315,118.962715,117.55307,114.243004,111.88418,110.16284,108.670334,107.51382,106.444466,105.7285,117.51254,114.825096,110.81572,109.61123,108.315125,106.973854,105.732506,104.53042,103.67392,112.32568,110.85798,109.30575,108.340614,107.02757,105.87958,104.87662,103.72909,103.174095,109.06367,107.080765,105.74484,104.81757,103.56569,103.100006,101.89266,101.059364,100.59346,105.82053,104.40598,103.019936,102.11723,101.046486,100.44031,99.31251,99.07934,98.683426,103.6985,102.159676,100.97171,100.11739,99.17503,98.53737,97.70396,97.19548,96.835365,100.114555,98.73387,97.750885,96.95987,96.044716,95.35944,94.75349,93.99877,93.43882,94.884964,93.26905,92.08998,91.421364,90.50706,89.6266,88.94862,87.98815,87.517555,86.53887,85.55514,84.55081,83.024704,82.03581,80.60599,80.64167,79.52489,78.78784,79.189804,77.898415,77.186714,76.00866,74.562065,74.05812,73.18293,72.58368,71.77003,76.13667,76.461,75.188675,73.2243,72.456924,71.80999,70.87877,70.28995,69.38308
2024-10-23,111.557,128.4752,129.86609,130.18394,129.54546,128.1404,127.14092,125.5365,124.70839,109.82478,118.548645,118.05716,117.443665,116.9848,115.49859,113.890816,112.48074,111.517075,115.25894,116.98677,115.38886,114.101974,112.876724,111.1774,109.71186,108.52075,107.860596,116.691864,117.58805,115.33012,113.282646,111.54132,109.86227,108.64488,107.805885,107.089355,117.53703,115.77367,113.41771,111.50521,110.62559,108.749016,107.49609,106.54149,106.24079,117.43993,114.932945,111.20415,110.332634,109.11387,107.586555,106.92564,105.60442,104.59068,112.34385,110.62171,109.20569,108.35721,106.880714,105.83194,104.45926,103.79531,103.06594,108.59178,107.01906,105.8811,104.79508,103.52018,103.29257,101.6066,101.00543,100.85124,105.56285,104.66167,102.810616,102.19131,101.05051,100.26923,99.3884,98.90767,98.698944,103.332954,101.72763,100.7177,99.69837,98.86725,98.24744,97.74009,97.48918,96.64916,99.630005,98.22381,97.038086,96.25369,95.70834,95.057976,94.3186,93.503555,93.072945,94.37692,92.74128,91.7124,90.72758,89.95421,88.77683,88.58229,87.40667,87.26341,86.11168,85.22572,84.09813,82.42685,81.507324,80.50311,80.212296,79.192024,78.920296,78.1818,77.55694,76.88028,74.23104,74.38123,73.73103,72.883156,70.586205,71.57909,76.64808,75.81398,75.25458,73.315895,72.16491,71.57739,69.642,70.2182,69.2831
2024-10-24,110.47743,127.85847,128.0101,128.08488,127.95884,128.59872,125.71712,124.66092,123.47867,111.33868,118.94465,118.36519,117.63259,117.13669,114.4746,113.3732,111.99396,110.830246,116.50735,118.28565,115.448,114.305145,113.138435,111.29649,109.58723,108.41627,107.41029,117.81188,117.58041,114.744415,113.23994,111.690346,110.07265,108.8592,107.40688,106.63408,117.776985,115.71271,113.222626,111.56859,110.224365,108.62469,107.41812,106.644,105.789085,117.27875,114.50624,110.76909,109.81466,108.90843,107.462685,106.30277,105.27368,104.488884,111.43721,110.30216,109.1125,108.32266,107.01051,105.718994,104.392136,103.68369,103.0526,108.17007,106.84327,106.072014,104.938545,103.605545,102.70207,101.662186,101.17636,100.58328,104.955826,104.01902,102.78743,101.894684,101.00216,100.260765,99.4633,99.05562,98.5513,103.1345,102.006256,100.89758,100.03853,98.9658,98.26152,97.5433,97.21574,96.69265,99.341156,98.29196,97.15347,96.3033,95.56711,94.74926,94.27957,93.57533,92.93976,94.680435,93.32415,91.9728,91.07783,90.13221,89.44189,88.00968,87.9088,86.90174,86.369644,85.56204,84.30879,83.10975,81.63278,81.11342,80.25548,79.55918,78.86064,79.08133,76.58945,77.02705,75.663246,74.60608,74.00569,72.81625,72.42445,71.414635,77.12624,76.47367,75.308205,73.95419,72.38809,71.672615,70.70558,70.111496,68.90566
2024-10-25,110.908714,128.08615,128.41147,128.23453,128.46266,127.05208,125.93297,124.97907,123.91364,110.69858,118.046814,116.961235,116.137405,115.424934,112.87463,111.54042,110.23255,108.9042,116.22712,117.09249,115.112595,114.17562,112.63633,110.60146,108.92179,108.02432,106.90258,117.394196,117.01546,114.27304,112.57416,111.053566,109.99786,107.82137,106.8947,105.9063,117.131615,114.87749,112.430534,112.02262,110.58398,108.04848,106.66386,105.974075,104.958626,116.59213,113.59678,109.942116,108.93386,108.1303,106.75555,105.37565,104.85241,103.69501,112.30873,110.0806,109.32399,107.70703,106.41135,105.171265,104.21396,103.33623,102.50909,107.808395,106.18916,105.45102,104.5751,103.14742,102.294495,101.378265,100.649605,100.00053,104.62463,103.38626,102.0839,101.24345,100.391075,99.80771,98.86153,98.36984,97.82777,102.703285,100.81416,99.984535,99.193436,98.449326,97.72221,97.18111,96.72732,95.87874,98.9878,97.285194,96.42169,95.954475,95.03778,94.29565,93.698616,93.07291,92.45431,94.087715,92.55441,91.53597,90.690384,89.81619,88.85445,88.15525,87.49467,86.76724,85.80737,84.9697,84.0797,82.64466,81.65498,80.973236,80.1556,79.203705,78.47458,79.25047,77.41248,76.766335,75.581894,74.43858,73.80162,72.81775,72.423515,71.48245,77.19496,76.20676,75.13863,73.570206,70.911705,71.603775,70.36081,69.97936,69.11966
2024-10-28,111.811386,129.9114,130.68402,130.88763,131.04655,129.73474,129.00719,127.978424,127.02046,113.190445,120.484055,119.3681,118.439445,117.69378,115.212585,114.684494,112.79253,111.72732,118.53648,118.60143,116.32746,114.96377,113.55856,111.67831,110.116646,109.041595,107.762856,118.61263,118.4574,115.51451,113.84853,112.25994,110.335365,108.66909,107.56211,106.52215,118.60857,116.39314,113.80828,112.15512,110.90484,109.1936,107.635704,106.6713,105.58178,117.91191,114.95283,110.968704,110.01332,109.29648,108.4507,106.265144,105.30944,104.39568,112.5962,110.931274,110.10752,108.67772,107.2203,105.883965,104.6379,103.878555,103.04305,108.25657,107.16403,106.11095,104.96848,103.69192,102.7842,101.80901,100.98693,100.380775,105.28878,104.05959,102.4728,101.65731,100.75529,99.91201,99.09542,98.62431,98.02057,103.441734,101.65548,100.33094,99.6218,98.69711,98.192245,97.384,96.85208,96.34272,99.407104,97.79848,96.80161,96.01973,95.1568,94.56952,93.94974,93.30669,92.692276,94.59891,92.665695,91.67676,90.5635,89.91756,88.98751,88.275826,87.44628,86.77508,86.26283,85.16214,84.09489,82.93011,81.62382,80.94706,80.05378,79.495766,78.37079,79.26996,77.55885,76.510315,75.535965,74.32604,73.924416,72.91528,72.145805,71.51507,76.49761,76.087296,75.061554,73.471825,70.97466,70.562416,70.67963,70.057396,68.89631
2024-10-29,109.52065,128.7061,130.66089,131.12048,131.56642,130.644,129.71799,128.64986,127.536545,112.61835,120.692986,119.75841,118.84547,117.86875,115.43585,114.227974,112.72466,111.613144,116.37948,118.57525,116.388794,115.11222,113.72371,111.84633,110.70999,109.02226,107.95662,117.972145,118.72549,115.879776,114.2043,112.6241,110.79967,109.04858,107.96461,107.313,118.090935,116.18208,113.662125,112.154335,111.06972,109.38812,107.84469,107.005905,106.05687,117.321266,114.40933,111.25415,110.237526,109.62945,107.99748,106.56112,105.67294,104.7629,112.38275,111.34446,109.71968,108.936066,107.51538,106.26121,105.39929,104.31543,103.44745,108.12603,106.871544,106.04349,105.186676,104.144554,103.19776,102.24566,101.57889,101.21264,105.30327,104.2733,102.97149,102.17488,101.59632,100.38033,99.88644,99.18555,98.48399,103.71508,101.85186,100.99287,100.20053,99.209274,98.7093,98.15187,97.62599,96.90687,99.85527,98.43997,97.26283,96.2523,95.73875,94.99146,94.33257,93.92905,93.23655,95.11278,93.01248,91.62912,90.927864,89.94696,89.37203,88.748276,87.88464,87.20751,86.53525,85.06272,84.49215,83.36356,81.834145,80.8026,80.24588,79.94166,79.14146,79.71314,77.81452,77.03362,75.98324,74.55103,74.18973,73.27631,72.79312,71.582054,76.76001,76.390015,75.305046,74.13197,72.63078,71.77424,70.8642,70.4641,69.53491
2024-10-30,109.1477,128.7618,130.98453,131.4657,132.47855,131.32848,130.51428,129.54973,128.4603,112.99239,121.53403,120.935165,120.42088,119.48456,116.95705,115.86797,114.47721,113.13804,115.77344,118.24579,116.11829,115.05347,113.86556,112.064285,110.67963,109.62388,108.57827,117.32332,118.09224,115.69734,114.351524,112.95159,110.919205,109.32642,108.253815,107.141365,118.057495,116.11409,113.83327,112.992355,112.7703,109.63216,108.063065,107.13416,106.17199,117.30089,113.968,110.964195,110.34023,110.3112,108.076935,106.79739,105.84725,104.8723,112.23431,110.92435,109.55115,109.26107,107.55029,106.216576,105.8107,104.38211,103.51136,107.778564,106.83158,105.91006,105.1013,104.150536,103.47201,102.174706,101.47855,100.772026,105.211395,104.16981,102.68779,101.93951,101.00011,100.25938,99.52264,98.92562,98.435295,103.379684,101.62802,100.64258,99.89422,99.0433,98.37256,97.65957,97.19526,96.52551,99.22023,97.82628,96.97813,96.25525,95.33153,94.748276,94.16652,93.42949,92.90826,94.67293,92.59514,91.36685,90.73119,89.83356,89.14257,88.23253,87.5726,86.6374,85.911125,85.06225,83.52316,82.869545,81.766,81.0369,80.20024,79.47518,78.71147,79.12145,77.194725,76.59529,75.67367,74.4838,74.0336,72.9068,72.50969,71.45133,77.136185,75.98072,74.98955,73.79951,71.95704,71.58164,70.64164,70.00187,69.21038
2024-10-31,111.11395,130.92088,133.34177,135.63484,135.3311,134.27422,134.1593,132.36522,131.32089,116.22955,124.44516,122.74657,121.567276,120.5196,117.9217,116.755005,115.256195,114.12107,119.111465,121.218376,118.63591,116.72503,115.39379,113.49113,112.0216,110.80737,109.80753,119.93465,120.58364,117.50218,115.580986,113.88698,111.91306,110.13325,108.86112,107.81432,120.03057,117.85758,115.38021,113.709076,112.24626,110.44784,108.784836,107.84641,106.842384,117.92883,115.25173,112.301865,111.291046,111.33277,108.914185,107.492,106.47765,105.611015,113.74617,111.978,110.59817,109.72249,108.11675,106.86331,105.60302,104.78576,104.05378,108.933395,107.70425,106.7509,105.79187,104.767235,104.131004,102.720406,102.016945,101.45082,105.685524,104.58811,103.27176,102.36871,101.543884,100.83032,99.93396,99.54177,98.92441,103.36904,102.038185,101.06947,100.240265,99.438354,98.846436,98.04966,97.57583,96.99347,99.805275,98.37749,97.57255,96.700714,96.10539,95.41456,94.6283,93.87897,93.21204,95.21654,93.15923,92.03645,91.30934,90.42941,89.63292,88.90586,88.115585,87.36516,86.38641,85.42768,84.38575,83.44861,82.128296,81.4975,80.72971,79.95706,78.95748,79.46884,77.806625,77.14181,75.072,74.869095,74.45446,73.26124,72.9504,71.85157,77.449875,76.3116,75.42398,74.00956,70.68355,72.26393,71.270996,70.47725,69.45109
2024-11-01,104.69811,126.28427,128.88234,129.78333,130.85686,130.58371,132.2227,130.00406,129.39981,113.43432,121.44497,120.99052,121.744255,121.006325,117.430565,116.49773,115.10275,114.11388,117.84448,120.29737,117.97839,116.86911,115.81051,114.17195,112.79,111.61618,110.811264,119.0716,119.729164,117.46894,116.24683,114.76003,113.05294,111.2462,110.010826,108.932556,118.61746,116.792175,114.99074,113.503044,112.57288,110.90075,109.45336,108.388245,107.48911,117.67079,115.41841,113.247406,112.32709,111.59128,109.997314,108.433304,107.536964,106.63709,113.73082,112.13007,111.04916,110.30484,109.298,107.78843,106.5383,105.81838,104.96937,109.85975,108.60946,108.58729,106.74462,105.625694,104.7007,103.56246,103.003815,102.33518,106.41104,105.49632,104.93224,103.65769,102.80889,102.014694,101.07151,100.46377,100.16807,104.3565,102.967705,102.022766,101.380424,100.49794,99.809044,99.15565,98.64324,98.08654,100.70434,99.18361,98.27276,97.69431,97.02623,96.283134,95.707726,94.88868,94.3053,95.72557,94.10934,92.98809,92.20681,91.38312,90.51348,89.767365,88.921135,88.117744,87.08077,86.29591,85.19086,83.97314,83.006714,82.154915,81.46732,80.623695,79.81393,80.31886,78.5161,77.80623,76.784325,75.661476,74.941635,73.88187,73.59463,72.64552,78.09627,77.19114,75.63119,74.89732,73.51769,72.88126,71.78097,70.80505,70.26392
2024-11-04,104.254234,129.81541,132.38646,133.25087,134.13579,133.8458,133.82655,133.31236,132.90025,111.51715,122.18579,121.33546,120.60779,120.05821,117.92224,117.075386,115.93451,114.78863,116.42941,119.96434,117.29085,116.11783,114.74366,113.29542,111.888695,110.795395,109.98978,118.463104,120.013176,117.09676,115.90397,114.14779,112.190125,110.43048,109.39176,108.22404,118.729385,117.26344,114.85392,113.21254,111.94589,110.293015,108.92592,107.83927,106.951035,117.59708,115.62087,112.363464,111.605675,110.99766,109.260124,107.69901,106.80914,105.761116,113.511345,112.634056,110.77962,109.995964,108.45127,107.13758,105.90075,105.050156,104.2165,109.52236,108.31122,107.35632,106.18666,104.80748,103.83144,102.68084,102.32086,101.50153,106.62422,105.44602,103.91928,102.910446,101.735725,100.98555,100.0689,99.57517,99.06867,104.07016,102.518295,101.22022,100.487595,99.31418,98.598915,98.13595,97.6113,97.24053,99.86987,98.91982,97.90497,96.99075,96.08827,95.26675,94.58811,94.05263,93.42995,95.72842,93.14536,92.04391,91.3307,90.22645,89.60861,88.87936,87.99189,87.3737,86.57816,85.10063,84.35431,83.05055,81.95043,80.72678,80.32435,79.74801,78.87979,79.119095,77.6426,76.779785,75.73634,74.72084,74.06886,73.12259,72.64672,71.52628,76.73755,74.974434,75.22216,73.811676,72.4148,71.9157,71.00834,70.24035,69.32928
2024-11-05,99.7892,125.573364,126.51838,126.70025,126.951706,127.70853,126.79393,126.84714,126.40114,107.00739,116.78378,116.01015,115.114815,114.23764,113.623726,111.983315,110.71756,109.980736,112.586205,116.5587,112.97211,111.73669,110.291176,109.037224,107.64231,106.83189,106.73101,114.47941,116.01722,113.15298,111.91005,109.91715,108.477745,107.31731,105.60758,104.71822,115.583,113.94551,111.52872,109.84691,108.52735,106.61107,105.94236,104.46938,103.68981,115.13739,112.77285,109.72071,108.62782,107.54704,105.95517,104.91445,103.68207,103.15457,111.44877,110.2222,108.32187,107.026245,105.480385,104.43374,103.15119,102.29756,100.8195,107.575714,106.210106,104.94309,103.6553,102.56508,101.57149,100.32668,99.71201,99.31544,104.95568,103.75273,102.02832,100.89624,99.448685,98.73734,98.011406,97.4182,96.98923,102.471565,100.50988,99.30577,98.27747,97.27468,96.753105,96.012726,95.74786,95.11479,98.48252,97.13512,95.985634,95.08363,94.10171,93.450516,92.83354,92.13665,91.44936,94.04494,91.485146,90.400154,89.59643,88.75005,87.91882,87.29902,86.50521,85.74949,85.08006,83.26856,82.603485,81.5392,79.94857,79.64618,78.92834,78.114525,77.2268,77.859184,76.175026,74.694176,74.33704,73.25749,72.74704,71.717094,69.89425,70.0842,75.20804,74.861664,73.85396,71.31107,71.152016,70.56813,69.600784,68.708,66.325676
2024-11-06,94.643234,118.236206,119.32401,118.89858,119.22923,118.64397,118.4049,117.58992,116.13576,101.197876,112.216896,111.8654,111.360954,111.07761,108.75544,108.098465,106.96614,105.81161,108.64407,113.46769,111.575836,110.529,109.35639,108.011795,106.74673,105.90303,104.94979,112.89729,114.96735,112.341866,110.76145,109.16005,107.53864,106.15995,105.24273,104.27071,115.80802,113.659164,111.40952,109.61986,108.34065,106.725784,105.4037,104.768776,103.43067,115.09991,113.04763,110.001366,109.1171,108.16971,106.692505,105.24451,104.48315,103.39,111.4986,110.31401,108.92553,107.74722,106.237595,105.09885,104.32783,103.21496,102.51301,108.640724,107.22552,106.07238,104.89127,103.547516,102.53983,101.69733,101.18777,100.37947,106.24832,104.855225,103.390945,102.23436,101.11127,100.331505,99.5531,98.97655,98.42863,103.922775,102.24434,101.00351,100.16044,99.188576,98.46682,97.81008,97.24335,96.75165,99.71994,98.940414,97.80502,96.83246,95.84209,95.2092,94.37927,93.71855,93.02949,94.804886,93.261505,92.06697,91.210785,90.353,89.592636,88.82985,88.036575,87.23643,86.71424,85.178444,84.17149,83.04672,81.89532,81.115715,80.449715,79.64805,78.84804,79.35194,77.337364,76.729355,75.67613,74.689995,73.99469,73.07083,72.436676,71.556244,77.247856,76.08018,75.107445,73.84089,72.51137,71.86354,70.76651,70.21143,69.19475
2024-11-07,85.87283,108.43755,108.77096,108.66799,108.79079,106.95922,105.50436,104.91148,103.406746,101.19984,111.59874,110.54816,109.71843,109.06204,106.58891,105.76894,104.324776,102.903145,107.173225,111.5437,109.31142,108.19051,106.86971,105.08849,103.88359,102.739334,101.32881,112.06403,113.78633,110.69422,108.8685,106.883606,105.08376,103.95619,102.8526,101.348816,115.244545,112.979866,110.15502,108.15498,106.4236,104.79901,103.501656,102.51571,100.970604,114.28011,111.680984,108.374504,107.10118,105.93882,104.21946,102.96622,102.28564,100.86878,110.56723,108.91592,106.74012,105.542404,103.74688,102.37715,101.49202,100.784,99.77166,107.27716,105.70974,104.255486,102.6348,101.27457,100.451004,99.42635,98.78864,97.927376,104.64674,102.735504,101.13925,100.1462,99.069756,98.29927,97.3706,96.7432,96.043655,101.64677,100.42202,99.04676,98.20776,97.13545,96.261986,95.411865,95.161934,94.23906,98.17585,97.023155,95.844536,94.87957,93.85959,93.15864,92.54778,91.45122,90.9829,93.183525,91.78077,90.62469,89.76184,88.70064,87.84093,87.13911,86.17106,85.43797,85.04994,83.49006,82.39501,81.49403,80.120674,79.420425,78.613625,77.73243,76.73567,77.87466,75.84176,74.99833,73.53111,72.80335,71.88909,71.29135,70.58326,68.71681,75.183975,74.578514,72.976326,72.14885,70.4221,69.831116,68.58051,68.21844,66.783485
2024-11-08,82.87592,102.443436,102.965675,103.17365,102.68023,101.57828,100.47445,99.94417,100.730286,101.59002,109.83162,108.73094,107.6624,107.53,105.262764,104.68255,103.0153,103.122185,108.74055,111.50862,109.908485,108.327995,107.95663,105.66256,104.30305,103.52264,103.917694,112.014366,113.26463,110.16072,107.82326,106.81078,105.54741,103.689224,102.915985,103.576935,114.25733,111.63842,109.33328,107.38642,106.08694,104.6263,103.41799,102.43752,102.9414,114.24921,110.072296,106.450584,106.09938,105.13402,103.70505,102.08771,101.67607,101.71757,110.18834,108.318886,105.81426,104.43292,103.34006,102.04363,100.8782,100.22214,100.89023,106.38232,104.45308,103.14888,101.922615,100.78768,99.619545,98.84619,97.26015,98.77296,103.193016,102.067024,100.466324,99.423836,98.127495,97.783165,96.824936,96.36887,96.03,101.34155,99.98482,98.55614,97.13118,96.68352,96.27258,95.737686,95.01503,94.94151,97.46573,96.48928,95.345665,94.48761,94.097275,92.16407,91.8646,90.90333,91.92986,92.40171,91.16845,90.20951,90.05162,89.36296,87.427155,87.7018,86.87256,86.21462,84.78463,84.01088,81.80564,80.11629,80.82643,80.675095,79.56489,79.40883,78.9699,78.84532,75.65232,76.0002,71.70177,75.18767,72.46401,72.17132,71.72035,68.39752,76.388466,75.905685,73.748955,73.6677,72.259705,71.78134,70.849686,68.238686,70.005035
2024-11-12,90.87347,111.35522,111.769104,112.09568,112.17639,110.656906,109.586075,108.72556,107.66508,103.75261,113.32812,111.94521,111.00547,110.46658,108.23641,107.48855,106.34629,105.03269,111.01795,114.1524,111.46566,110.16911,109.30601,107.5269,106.48166,105.27785,104.17399,114.675934,114.97141,111.75517,110.14416,108.694176,106.950874,105.71803,104.79861,103.53869,117.30859,114.70428,111.203186,109.43907,107.96672,106.24319,105.21558,104.079956,102.84177,117.087524,113.83916,109.273994,108.29428,107.11009,105.52959,104.50983,103.33695,102.29256,112.487076,110.352066,107.36321,106.3185,104.50216,103.43841,102.41898,101.492905,100.75654,108.45249,106.7072,104.618034,103.30194,101.90223,101.01592,99.95805,99.48954,98.80678,105.44691,103.34355,101.73777,100.61023,99.75449,98.7953,97.916756,97.34243,96.665596,103.08873,101.247086,99.87951,98.85517,97.72614,97.070694,96.3273,95.809395,94.941216,98.663414,97.882195,96.4048,95.45445,94.55963,93.741165,93.14224,92.35341,91.66674,93.91667,91.7908,90.81512,89.917694,89.144226,88.30954,87.60449,86.82038,85.99736,85.60689,83.86639,83.06033,81.92875,80.88673,80.10704,79.308716,78.503624,77.35645,78.33063,76.3202,75.599,74.50001,73.633194,72.943535,72.00456,71.32384,70.65987,76.2524,75.00761,73.98684,72.7679,71.398476,70.84711,69.805885,69.20229,68.246315
2024-11-13,83.69501,104.87707,106.066025,106.28908,106.35898,104.88764,103.73966,102.97184,102.14157,100.1389,111.90715,110.203705,109.57155,108.75513,106.46531,105.72176,104.580055,103.27255,109.09661,113.10802,110.59455,109.779526,109.0897,107.201324,105.78552,104.73416,103.666,112.9249,114.691986,111.57919,110.19531,108.713295,107.02228,105.76215,104.738144,103.49474,115.02434,114.49377,111.10611,109.472626,108.19331,106.420166,105.17441,104.103546,102.89757,115.64686,113.68268,109.8037,108.6646,107.63979,105.99424,104.500275,103.62082,102.51745,111.942825,110.401596,107.67277,106.601654,104.966446,103.627754,102.857605,102.048935,101.16816,108.422554,106.65637,105.10558,103.69829,102.255066,101.49164,100.33225,99.73332,99.099266,105.99068,103.85353,102.286354,101.11664,100.20373,99.43183,98.45999,97.79123,97.24861,103.53341,101.911545,100.327774,99.40717,98.44155,97.66077,96.9842,96.26085,95.59497,99.458984,98.390945,97.12702,96.08985,95.09964,94.35098,93.669586,92.851776,92.18629,94.2721,92.54034,91.62041,90.76815,89.82784,89.04498,88.30191,87.376854,86.50848,86.18716,84.620056,83.55448,82.24527,81.34254,80.73099,79.8124,78.99432,78.16934,78.81768,76.7125,76.15548,75.22365,74.097305,73.205956,72.429436,71.86771,70.98534,76.86124,75.356285,74.56882,73.28515,71.73649,71.276596,70.377304,69.66996,68.672485
2024-11-14,83.96467,104.42993,104.273575,103.7219,103.748825,102.156685,101.452065,100.47723,99.2389,99.5272,111.58027,110.45023,109.30381,108.24896,106.15935,105.300934,104.870384,102.93993,108.75636,113.68161,111.096985,109.85633,108.70444,106.862,105.610214,104.6616,103.67231,112.20797,113.93926,111.290726,109.72774,108.35888,106.66276,105.42839,104.47776,103.279884,114.0187,113.24429,110.42962,108.79392,107.79858,105.97534,104.94879,103.98246,102.80178,113.13971,112.321556,109.03091,107.93434,107.065475,105.44509,104.86287,103.37603,102.278656,110.881966,110.78545,107.16537,106.18426,104.642136,103.419716,102.474625,101.663216,100.72993,108.18832,106.04485,104.64987,103.311485,101.93906,101.12168,100.210915,99.71377,99.16384,105.47667,103.23777,101.71857,101.30899,99.933304,99.12879,98.58801,97.833405,96.91584,102.75718,101.2434,99.98388,98.96853,98.16508,97.37883,96.724045,96.01411,95.44272,98.887825,97.88513,96.71059,95.72499,94.7117,94.014145,93.44031,92.72769,91.58335,93.676094,92.07218,91.06243,90.36178,89.5303,88.703636,88.02263,87.11369,86.461655,85.64808,84.20529,82.99855,81.597244,80.98214,80.32831,79.51958,78.695816,77.64607,78.37919,76.56706,75.82931,74.29667,73.65775,73.15024,72.21061,71.29733,70.74098,76.1941,74.90043,74.13345,72.92502,71.577385,70.578354,69.80847,69.20761,68.55063
2024-11-15,85.42717,106.26101,106.525505,106.26021,106.42437,104.809525,103.28397,102.56463,101.03556,100.426285,112.39067,111.460884,109.924934,108.7521,106.3265,105.54295,104.14746,103.2591,112.10587,115.80373,113.17945,111.66722,110.233086,108.43887,106.65483,105.6137,104.48193,114.686005,115.98506,113.24963,111.50005,109.89259,108.0223,106.497696,105.46686,104.09316,116.43305,115.27036,112.574715,110.42244,108.686874,106.88188,105.64959,104.751945,103.12162,115.63089,114.06247,110.56222,109.35315,108.38907,106.61841,104.87314,104.1191,102.83585,112.797104,110.99903,108.33078,107.20126,105.45325,104.23199,103.08002,102.306854,101.3099,108.95854,107.17396,106.16077,104.27999,103.044945,101.94121,100.86742,100.210754,99.41699,106.23367,104.284904,102.88465,101.67565,100.62289,99.76884,98.83342,98.45248,97.532074,104.60693,102.01327,101.01012,100.30885,98.94664,98.08204,97.16124,96.593025,95.97627,99.589935,98.4115,97.15254,96.202705,95.34477,94.60321,93.80982,93.04902,92.40856,94.051346,92.6599,91.6613,90.79252,89.79367,88.92812,88.316475,87.63216,86.681274,85.952614,84.735214,83.63808,82.38547,81.332726,80.64984,79.72865,78.57542,77.996994,78.72472,76.492035,76.08751,75.136604,73.82675,73.48518,72.4143,71.48975,70.71995,76.732445,75.2042,74.52445,72.66137,71.92713,71.09359,70.15093,69.73664,68.529106
2024-11-18,84.87123,105.82223,106.24513,106.34148,106.6736,104.95616,103.615616,102.691055,101.33624,96.1831,108.95698,108.92864,108.23625,107.76739,105.431885,104.660545,103.55826,102.106926,109.10917,113.39522,110.96454,110.994865,109.35784,107.615265,106.141594,105.294136,103.9897,112.58112,114.86919,112.21391,110.99121,109.868744,108.055046,106.64808,105.61612,104.319305,114.86578,114.08508,111.90061,110.13226,108.78505,107.089066,105.96187,104.90573,103.77231,114.25635,112.8119,111.03114,109.127815,108.19529,106.62073,105.1876,104.253525,103.121414,111.593666,110.26638,108.13531,107.04811,105.62157,104.59155,103.47778,102.56783,101.71132,108.28404,106.72712,105.40002,104.26333,102.839,102.12553,100.96425,100.37157,99.74054,105.63653,103.921974,102.77503,101.61348,100.74405,99.84242,99.00684,98.24773,97.67295,103.71569,101.67112,100.83654,99.78972,99.100365,98.36467,97.453156,96.9712,96.25815,99.153,98.05859,97.02588,96.30922,95.63714,94.84199,93.97235,93.38633,92.66416,93.974915,92.619316,91.62453,90.77644,90.15515,89.16556,88.57426,87.66576,86.83246,85.79156,84.678566,83.66152,82.53276,81.42913,80.56149,79.91904,78.96009,78.36629,79.06386,76.08964,75.81896,74.90948,73.85361,73.50456,72.165184,71.96955,70.575645,76.94216,75.44443,74.51275,73.33396,71.71073,71.33519,70.10394,69.77483,68.69132
2024-11-19,92.84713,110.70752,110.249565,109.96892,109.87453,108.281975,107.10452,106.15054,104.545815,98.403786,109.35052,108.776665,107.89111,107.124466,104.82893,103.93559,102.764915,101.29813,109.655594,113.631966,110.91189,110.05026,109.08837,107.23524,105.9053,104.876724,103.59137,113.2029,114.53121,111.875336,110.53846,109.37151,107.41423,106.11439,105.081924,103.97379,116.05782,114.21323,111.95667,109.93588,108.29193,106.48668,105.42189,104.4033,103.11463,114.97923,112.96295,110.21008,108.859795,107.87851,106.1285,104.76187,103.869675,102.53241,112.76254,110.395874,107.90479,106.72029,105.361786,103.95286,103.093124,102.09761,101.06589,108.16322,106.55983,105.06783,103.7574,102.51524,101.76998,100.62018,99.96574,99.27281,105.35919,103.85818,102.65596,101.23037,100.26109,99.57108,98.65273,98.36987,97.10374,103.333534,101.43261,100.811935,99.55414,98.64155,97.991745,97.084885,96.87956,95.78444,99.28859,97.82333,96.67277,95.97342,94.98691,94.364624,93.638145,92.99578,92.54536,93.8079,92.61301,91.245735,90.65603,89.75804,88.87254,88.09937,87.38021,86.67281,85.688934,84.266464,83.28199,82.21306,80.96551,80.31358,79.64134,78.6655,78.109505,78.74528,76.45213,75.85197,74.890945,73.554245,73.20949,72.24455,71.7148,70.4716,76.12748,75.440254,74.35892,72.88231,71.48676,71.14244,70.15814,69.479645,68.51912
2024-11-20,93.55634,111.3476,111.42561,111.119774,111.49056,109.91462,108.69947,107.16745,105.818565,97.99139,109.77412,109.353584,108.69683,107.824776,105.68189,104.790436,103.57259,102.33442,109.67763,114.30149,111.967316,111.16031,110.10556,108.48733,106.96593,105.89758,104.750725,113.37414,115.280136,112.61059,111.347786,110.26221,108.36958,107.05824,105.84275,104.65847,117.78611,115.21846,112.477196,110.60173,109.17819,107.30532,106.1018,105.11618,103.934,115.48863,113.515594,110.612885,109.51697,108.58014,107.01761,105.39941,104.41613,103.448296,113.106155,111.030975,108.39257,107.32421,105.91496,104.66913,103.666695,102.79958,101.86981,108.471275,106.77948,105.42472,104.16519,103.2327,102.02663,101.26011,100.36472,99.78556,105.64502,104.205414,102.69876,101.79451,100.85869,100.027176,99.245384,98.37439,97.894424,103.29919,101.87248,100.73983,99.98332,99.08491,98.39836,97.485344,97.252754,96.39499,99.636635,98.01138,97.08271,96.24987,95.58594,94.632904,94.05796,93.43139,92.80577,94.034134,92.817245,91.67542,90.77863,89.87708,89.12273,88.35919,87.4844,87.06021,85.946434,84.61231,83.612144,82.45092,81.41233,80.57724,79.69181,79.16903,78.363625,79.13862,77.204636,76.26429,75.16184,74.23956,73.76799,72.70726,71.93439,71.26683,77.11376,75.89912,74.96632,73.37097,71.89618,71.56565,70.56234,69.99131,68.93226
2024-11-21,89.64018,106.96576,106.94801,106.64534,106.78261,105.18296,104.24334,102.84849,101.37477,95.31892,108.07837,107.99866,107.28,106.64663,104.3508,103.63557,102.49491,101.08506,107.39095,112.61747,110.68151,109.82954,109.242226,107.497536,106.17115,105.16937,103.84166,113.16247,113.3037,111.34297,110.461105,109.7111,107.878174,106.62767,105.59419,104.23974,115.96489,113.94629,111.8906,110.123726,109.751144,107.32923,105.988205,105.23019,103.810135,115.491516,113.50392,110.24851,109.29146,108.754776,106.90261,105.55021,104.643394,103.53584,112.80108,110.90112,108.75459,107.711685,106.03755,104.9419,103.81674,103.06042,102.12976,109.17618,107.299866,106.05669,104.740814,103.3947,102.56275,101.48594,100.875595,100.259155,106.484665,104.73207,103.24186,102.339676,101.336464,100.54171,99.94251,99.12818,98.454315,104.11141,102.44069,101.34639,100.51795,99.69071,98.88399,98.1321,97.571396,96.9803,100.07417,98.70875,97.54216,96.60892,95.997116,95.21249,94.37926,93.7966,93.27633,94.550896,93.230415,92.05861,91.1774,90.232155,89.47656,88.82211,88.16488,87.362595,86.14897,84.805466,83.901634,82.69846,81.672516,81.03683,80.14062,79.55079,78.770836,79.41837,77.43168,76.76114,75.53669,74.57618,74.0226,73.03326,72.14389,71.63462,77.39295,76.153656,75.04762,73.71652,72.41705,71.27369,70.859055,70.14451,69.356026
2024-11-22,87.87778,105.15645,105.44291,105.25624,105.22799,103.237656,101.53052,100.20742,98.50834,93.4958,106.42439,106.407364,105.72215,105.25259,103.083755,101.98114,100.89966,99.59824,106.51628,112.15337,110.180565,109.45789,109.6304,106.94186,105.610245,104.66995,103.28753,111.54369,112.65546,110.62709,109.88711,109.102776,107.501816,106.02545,105.14375,103.69064,114.89563,113.02759,111.029205,109.26535,108.03578,106.3124,105.15997,104.278946,103.61119,114.78988,112.6687,109.76257,108.83934,107.88927,106.32779,104.901,104.23885,103.00056,111.72461,110.36058,108.31575,107.183815,105.70591,104.49536,103.48246,102.61981,101.73437,108.27549,107.017685,105.761024,104.94049,103.53143,102.195946,101.24313,100.563805,99.94024,105.678925,104.328354,103.002945,101.86294,101.17186,100.35195,99.37694,98.75195,98.11301,103.24962,102.12677,101.13089,100.24733,99.53737,98.742516,97.84777,97.41833,96.83965,99.794464,98.37705,97.59603,96.59634,95.84831,95.09319,94.43228,93.89715,93.00708,94.85092,93.25089,92.04801,91.07046,90.09462,89.48205,88.91778,88.038536,87.332954,86.16187,84.97335,84.07146,82.88583,81.711006,80.6408,80.32616,79.54241,78.47331,79.38739,77.35297,76.461975,75.70041,74.376816,73.92707,72.50409,72.32598,71.597336,77.37046,76.35539,75.31304,73.91768,72.398674,71.901955,70.28404,70.27589,69.296524
2024-11-25,90.321075,108.7557,106.90393,107.21696,106.31891,103.866714,101.64425,100.446655,98.78306,95.59157,107.349976,106.88534,106.22389,105.36377,102.93863,102.00569,100.770584,99.337395,106.47881,111.29095,108.86819,108.06824,107.14342,105.40829,104.0424,102.84099,101.47373,111.28863,111.93098,110.0677,109.11952,108.080574,106.18072,104.934814,103.75969,102.41341,114.717896,112.33095,110.34744,108.87251,107.07535,105.34764,104.28471,103.229294,101.947266,113.948845,111.69404,108.63345,107.64984,106.68216,105.21547,103.61726,102.685135,101.86286,111.223175,109.45526,107.22134,106.2568,104.766716,103.54823,102.3693,101.823135,100.697914,107.613815,106.05116,104.62045,103.41128,102.05295,101.26192,100.16838,100.02612,99.02349,104.8175,103.57347,102.02206,101.27002,100.09106,99.36992,98.41518,97.8838,97.29518,102.41203,101.52179,100.41525,99.51177,98.63774,97.85891,97.06182,96.5837,95.85562,99.30231,97.89425,96.68381,96.05144,94.953224,94.361496,93.570206,93.13953,92.3879,93.62234,92.76038,91.46599,90.3214,89.559715,88.759636,88.03467,87.22213,86.46279,85.34257,84.527756,83.544174,82.360825,81.129776,80.14688,79.687065,78.66587,78.101364,78.70006,76.984505,75.32807,75.157875,73.91741,73.4118,72.45803,71.95798,71.12274,76.484215,75.7311,74.742195,73.21543,71.44684,71.22783,70.28355,69.06688,68.773964
2024-11-26,88.78758,106.51501,106.3869,106.155945,105.88693,103.1479,100.61919,99.549385,97.8873,94.31647,106.78152,105.65768,105.552956,105.39491,103.05802,102.17822,100.68488,99.330505,105.329666,110.566734,107.91194,107.528046,107.01012,105.27293,103.84715,102.81632,101.6457,110.47751,111.31121,109.54029,108.7714,108.077095,106.410194,104.81598,103.676544,102.529106,114.1626,111.90752,109.73281,108.31919,107.085754,105.380104,104.31018,103.347916,102.082954,113.36699,110.87447,108.028336,107.52186,106.697044,105.09776,103.657616,102.82055,101.76492,111.11947,109.685295,107.044815,106.17543,104.6887,103.700966,102.42082,101.673706,100.78011,108.25381,105.981544,104.455025,103.16068,101.87563,101.00431,100.145935,99.52794,98.810165,104.841705,104.016594,102.151886,101.25233,100.26818,99.42773,98.565575,97.96948,97.41084,102.35998,101.49291,100.388016,99.45376,98.58389,97.9339,96.98832,96.43341,95.712975,99.323944,97.87957,96.717255,95.803345,94.93272,94.23648,93.41263,92.98995,92.28869,93.38263,92.50929,91.21893,90.290886,89.3413,88.450005,87.91468,87.140915,86.3441,85.07574,84.29363,82.362625,82.03388,80.78855,80.20352,79.40974,78.5419,77.61136,78.22521,74.85942,75.856064,73.72081,73.827736,73.32857,72.24068,71.71442,70.84886,76.45406,75.57096,74.54287,73.04238,71.76727,71.04575,68.165924,67.796394,68.40764
2024-11-27,87.54784,105.59699,104.83081,104.41643,104.130775,101.24115,98.38483,97.26074,95.53929,94.37681,106.54827,105.57942,105.592705,105.67062,103.032234,101.89299,100.67944,98.97502,105.83856,110.77892,107.672844,107.39275,107.23937,105.16648,103.81181,102.44518,101.20265,110.287735,111.4366,108.972336,107.861084,106.81591,105.0187,103.60116,102.52075,101.302795,114.38807,111.620605,109.24093,107.730484,106.48621,104.769905,103.54545,102.69117,101.42022,113.25975,110.553474,107.67137,106.77606,106.08815,104.60358,102.97056,102.232346,101.01813,110.69483,108.818405,107.01059,105.76918,104.16552,102.89081,102.00542,101.09939,100.267296,107.226845,105.572845,104.0068,102.774475,101.30886,100.51459,99.57684,98.95665,98.25165,104.39511,103.19884,101.79736,100.778694,99.774765,99.01,98.11637,97.47638,96.94088,101.92425,100.91801,99.781364,98.747116,97.92047,97.10111,96.19113,95.97776,95.263916,98.55962,97.22128,96.09678,95.2005,94.34531,93.69637,92.92994,92.34736,91.76953,92.897545,91.88411,90.65822,89.679405,88.731834,87.91581,87.3409,86.678444,85.9459,84.60771,83.77845,82.61347,81.60722,80.12945,79.644226,78.86925,78.159096,77.3216,77.87948,76.21154,75.505325,74.1843,73.22571,72.723,71.63242,70.9453,70.19976,75.84442,74.9884,73.84412,72.54346,71.11415,70.56989,69.49396,69.111084,67.90263
2024-11-29,87.31256,105.32476,103.51603,102.51078,101.9053,98.88193,96.18288,94.97467,93.22202,97.403145,108.33932,106.38275,105.925285,105.89539,103.05224,101.85669,100.465034,99.041084,107.14757,111.179474,107.397446,106.59742,106.211266,104.04647,102.76418,101.54301,100.06617,111.84656,112.81981,108.55024,106.93024,105.72619,103.82025,102.80768,101.643585,100.20612,116.22626,112.37118,110.33122,106.9061,105.54026,103.78987,103.389015,101.718346,100.39994,112.838875,109.933624,107.31459,105.533104,104.7433,103.187675,101.84487,101.07715,99.86376,110.35874,108.28104,105.943275,104.67456,102.91481,101.75416,100.77739,100.46105,99.42426,106.53684,104.75867,103.29968,102.06545,100.65563,99.90826,98.68697,98.121315,97.41827,103.501144,102.28193,100.73237,99.90528,99.04723,98.18272,97.1481,96.52631,96.265205,100.859344,99.78155,98.57781,97.95827,97.06135,96.21038,95.310745,94.862625,94.400986,97.51169,96.49517,95.33251,94.69889,93.70549,93.07157,92.25378,91.912384,91.06622,92.115456,91.19937,89.979836,89.111,87.80782,87.666306,86.86116,86.0912,85.48953,84.23439,83.27871,82.193344,81.00397,79.944115,78.701744,78.40642,77.85424,76.989174,77.32436,75.6968,75.030495,73.91539,72.79084,71.71993,71.314285,70.95452,69.4731,75.32206,74.49066,73.62665,72.32527,70.82739,69.669075,69.29556,68.33949,67.811066
2024-12-02,90.79657,109.389366,106.76281,105.249374,104.5771,101.55351,98.134636,97.106926,95.497086,96.93945,108.51648,107.421005,106.48272,105.92421,103.29057,101.954216,100.71237,99.13603,106.327545,111.567696,109.37407,107.70437,106.27568,104.463615,102.72473,101.652885,100.39042,111.46065,111.969086,109.497856,107.84592,105.940575,104.2101,102.71145,102.00741,100.66087,115.89043,112.53807,109.66027,107.2706,105.66591,104.19698,102.763954,101.8326,100.71059,112.96927,109.99843,106.9571,105.96287,105.06059,103.4757,101.97475,101.31008,100.14654,110.1193,108.433266,106.17557,104.890785,103.44655,102.38774,101.04181,100.48833,99.401794,106.87034,104.995224,103.41604,102.20776,101.032486,100.258644,99.06918,98.44283,97.613014,104.36718,102.445,100.9103,100.220924,99.3209,98.52466,97.651085,96.9755,96.25688,101.3739,100.2397,99.03939,98.3046,97.48441,96.6481,95.81849,95.43399,94.68336,98.07372,96.606155,95.571175,94.7444,94.038025,93.35185,92.511986,92.10614,91.288666,92.55079,91.17776,90.022606,89.22222,88.26659,87.67657,86.9836,86.25437,85.524765,84.85017,83.79525,82.71103,81.50007,80.33884,79.71453,78.8569,78.33456,77.41577,77.85673,76.25924,75.60054,74.46051,73.30656,72.83749,71.79226,71.25691,70.33712,75.931305,74.86134,73.91644,72.561195,68.6466,70.65119,69.695,68.933914,68.10793
2024-12-03,90.98467,108.48863,105.12354,103.03056,102.35362,99.239235,95.63818,94.833984,93.09067,97.79393,108.79385,107.3665,106.64614,106.08593,103.21199,101.554214,100.18457,98.51863,106.715065,111.44094,108.862015,107.1355,105.72715,103.96462,102.07423,101.09487,99.76757,110.545876,111.89885,109.02359,106.87225,105.31366,103.84588,102.09635,101.562,100.24495,114.31457,111.97626,108.736404,106.78181,105.52337,103.94171,102.38993,101.83416,100.54874,112.51186,109.66059,106.69302,105.565834,104.97399,103.48924,101.793884,101.2332,100.06582,110.48894,108.41964,105.75194,104.64849,103.34184,102.06617,100.980675,100.328995,99.25885,106.72742,104.69501,103.36941,102.28424,100.94882,100.15419,99.14827,98.383354,97.58612,104.177605,102.40458,100.94056,100.01804,99.23816,98.46288,97.54869,96.831215,96.278656,101.44815,100.19238,98.9336,98.01495,97.39385,96.56535,95.70583,95.26917,94.69109,98.04097,96.555984,95.58662,94.65403,93.966805,93.339676,92.38974,91.97658,91.38834,92.67676,91.267,90.169945,89.33888,88.49673,87.688614,87.0015,86.17667,85.52705,84.88832,83.335724,82.55097,81.460815,80.41544,79.69318,78.870445,78.26904,77.50545,77.95445,76.44363,75.59984,73.943565,73.33424,72.67797,71.59636,71.377594,70.1846,76.134674,74.97502,73.82718,72.681595,71.11275,70.622955,69.678925,68.93176,68.11424
2024-12-04,88.75342,105.95317,102.340225,100.2905,99.28595,96.23763,92.8295,91.79795,90.065735,97.71993,108.02035,106.46983,105.42063,105.02116,102.51436,100.97133,99.629005,97.96941,106.70945,110.88903,107.94172,106.18766,105.1706,103.42717,101.54399,100.50476,99.20117,110.650024,111.18941,108.26713,106.519806,105.03796,103.27925,101.70615,101.12332,99.66393,114.43766,111.7523,108.36497,106.09496,105.1039,103.44689,101.98736,101.51541,99.93204,113.485085,109.580315,106.205605,105.04386,104.402695,102.891014,101.41091,100.7153,99.545265,110.356705,107.98448,105.19678,104.005585,102.703964,101.45786,100.38455,99.69965,98.85329,106.15484,104.71067,102.96936,101.91701,100.583,99.625244,98.75171,98.16966,97.30796,104.10531,101.83109,100.56926,99.71116,99.04497,98.15506,97.17046,96.79446,96.02415,101.51887,99.662025,98.37005,97.78704,96.97709,96.26743,95.285225,94.956825,94.329445,98.132835,96.23492,95.18413,94.51786,93.6632,93.098076,92.126656,91.68593,91.046425,92.5836,91.18474,90.098526,89.06543,88.322105,87.49256,86.544945,86.16447,85.184204,84.72902,83.292946,82.11339,81.35645,79.66857,79.42467,78.69031,78.01354,77.19824,77.51641,76.22648,75.52323,74.30873,72.924484,71.798546,71.459755,71.161194,70.05871,76.00831,74.811325,73.871,72.04414,70.90482,69.23486,69.10669,68.85587,67.76831
2024-12-05,88.07789,104.311356,101.99596,99.65785,98.44753,95.11202,91.80405,90.530205,88.77089,96.98244,106.87331,105.9624,105.8317,104.54823,101.553955,100.3731,98.93435,97.5379,105.94677,109.48519,107.61075,106.31844,104.8689,103.337555,101.68327,100.13596,98.92186,110.572495,110.3055,107.658165,106.00875,104.585266,102.90255,101.53076,100.40746,99.659195,113.99095,110.962006,107.86022,106.09819,104.71597,103.04869,101.96225,100.82827,99.65347,112.73763,109.06677,106.037415,104.82938,103.84585,102.293884,100.85411,100.15785,98.83658,110.20605,107.5542,104.640724,103.45653,101.9545,100.60215,99.59862,98.93136,97.97468,106.6064,104.313354,102.89405,101.61302,100.14007,99.26969,98.40785,97.607605,96.70855,103.98279,101.61081,100.33813,99.4616,98.61626,98.11069,96.74442,96.21843,95.501595,101.70842,99.57005,98.276566,97.56137,96.61736,95.852356,94.91375,94.51123,93.93517,97.98212,96.209,95.03479,94.49521,93.482635,92.74162,91.96578,91.3981,90.612686,92.432785,90.97614,89.822205,88.90403,87.93328,87.211555,86.48977,85.067764,84.77624,84.98511,83.37222,82.38677,81.281944,79.940155,79.27991,78.63024,77.78173,76.76812,77.76308,76.30804,75.13425,74.308334,73.122246,72.52778,70.98684,70.93802,70.09384,76.056694,74.588135,73.50314,72.100655,70.920044,69.84749,69.451294,68.45628,67.77741
2024-12-06,76.51388,94.67367,92.92222,91.126854,90.35257,87.63466,84.86409,83.97202,82.8348,93.685646,103.25305,101.93002,101.31717,100.97306,98.60878,97.483826,96.22824,94.7863,104.48418,107.74807,105.698326,104.31777,103.28403,101.5689,100.04544,98.9678,97.66066,109.073105,108.562546,105.84739,104.26021,102.97737,101.33895,99.96197,99.019104,97.84697,112.68397,109.88027,106.449936,104.69805,103.47914,101.91852,100.58365,99.69908,98.49662,111.57256,107.67442,104.697716,103.69494,103.00678,101.476845,100.15719,99.31533,98.095535,109.30787,106.42468,103.8932,102.82836,101.37451,100.20583,99.10159,98.42752,97.4413,105.72002,103.58179,102.0598,100.9877,99.688576,98.9604,97.672775,97.05218,96.21769,102.998085,101.1124,99.71965,98.9454,98.16239,97.233,96.40098,95.6666,95.01933,101.116,99.38278,98.05426,97.16787,96.1856,95.504684,94.619896,94.17621,93.45673,97.73049,96.20636,94.98518,94.03875,93.18467,92.34266,91.53583,90.81724,90.2551,92.08356,90.70512,89.731285,88.656425,87.717255,86.881134,86.04122,85.0774,84.539,84.308556,83.2609,82.24327,80.907875,79.665794,78.89589,78.13721,77.2726,76.36447,77.53908,76.10362,75.01566,73.92608,72.792656,71.858475,71.02632,70.55949,69.42365,75.97941,74.550575,73.69994,72.15042,70.66995,70.04401,68.80111,68.304596,66.48346
2024-12-09,76.87513,94.10924,93.42446,92.50742,92.344826,89.8072,87.39253,86.58264,85.323845,93.76008,104.43147,103.36864,102.615364,102.507385,99.6962,98.690254,97.27935,95.79057,104.36376,107.80971,105.69213,104.49393,103.671684,101.77086,100.26653,99.21751,97.78864,108.707664,108.63051,106.35202,104.75432,103.589874,101.870605,100.511925,99.53778,98.14692,112.32023,109.60253,106.43005,104.67981,103.799576,102.16646,100.90401,99.98096,98.71966,111.68437,108.09156,105.11017,103.96783,103.29565,101.78586,100.258,99.645874,98.36027,109.38962,106.75362,104.0909,103.18053,101.81966,100.596306,99.631096,98.81526,97.81722,105.77322,103.7622,102.28339,101.194916,99.96885,99.426674,98.14,97.53204,96.65172,103.49788,101.39045,100.021194,99.24378,98.50312,97.69978,96.759445,96.09903,95.442894,101.36312,99.52492,98.36813,97.52168,96.60397,95.942825,95.10329,94.69009,93.96484,97.59473,96.57918,95.21189,94.46101,93.72723,92.7445,92.11282,91.427444,90.80246,92.60539,91.04985,87.19214,88.98135,88.0883,87.20411,86.60747,85.75458,84.98485,84.640656,83.49732,82.590744,81.14173,80.14393,79.16308,78.57013,77.8419,77.11567,77.95032,76.523735,75.57985,73.90559,73.14236,72.51961,70.76617,70.935585,70.02765,76.107124,75.02546,73.745445,72.50502,70.908775,70.41154,69.37884,68.34157,67.82916
2024-12-10,83.459724,100.39145,99.45506,98.307144,98.27026,95.03641,91.76016,90.90422,89.46209,92.6796,103.20944,102.10198,101.34511,101.15045,98.5674,97.518715,96.21786,94.4915,103.66763,107.075226,104.93295,103.722664,102.97334,101.26136,99.89747,98.67823,97.61655,107.93117,108.250595,105.86575,104.390625,103.09228,101.63194,100.28124,99.29875,98.20569,112.255516,109.81061,106.40849,104.52456,103.31101,101.88479,100.53954,99.483925,98.51959,111.7266,108.019745,105.0748,103.980995,103.19858,101.74451,100.20748,99.32442,98.23935,109.61032,107.1015,104.25393,103.431595,101.88591,100.648,99.35979,98.58857,97.66618,106.52126,103.75386,102.28862,101.20532,99.83705,99.029366,98.12506,97.30807,96.5088,103.52695,101.34078,100.00833,99.009125,98.31115,97.48055,96.53034,95.76813,95.14481,101.153984,99.52764,98.1808,97.15466,96.06045,95.53658,94.59887,94.11266,93.611275,97.501396,96.13411,94.910225,94.14197,92.99805,92.21361,91.59921,91.11382,90.37841,92.28959,90.71786,89.50588,88.79676,87.916466,86.840866,86.264725,85.49844,84.74606,84.302666,82.80989,81.685814,80.87799,79.664375,79.0573,77.661316,77.43653,76.69608,77.80487,76.24462,75.19842,73.77556,72.95858,72.40125,71.235954,70.703064,69.611664,75.92652,74.71485,73.629715,71.98871,70.57473,70.24354,69.086494,68.550125,67.38606
2024-12-11,71.92415,89.97124,90.31727,89.87152,90.158195,87.90243,85.18613,83.980606,83.39428,86.50508,98.37313,98.12375,97.97818,97.95902,96.158585,95.35886,93.784485,93.17512,100.462074,104.583145,102.28993,101.51487,101.39023,99.95008,98.50995,97.424416,96.68722,105.78326,106.522095,103.95013,102.52934,101.93823,100.503365,98.86647,98.002235,97.47189,110.8385,108.53918,105.0873,103.242935,102.647835,100.95519,99.81676,99.01461,98.14969,109.648994,106.65699,103.94868,103.26553,102.1082,100.87352,99.5151,98.69908,98.08449,108.59575,105.8166,103.21124,102.34998,101.19693,100.061356,98.80158,98.07654,97.3593,105.82897,103.22165,101.700615,100.44003,99.354576,98.7325,97.562706,97.05671,96.163895,102.92517,101.10141,99.90755,98.39923,97.658,96.988625,96.2073,95.717445,95.285034,100.81767,99.17264,97.77999,96.949165,95.97594,95.344536,94.57954,94.21187,93.6522,97.497375,96.17904,95.06058,93.868835,93.08146,92.53119,91.51577,90.96393,90.58767,92.06915,91.01601,89.79248,89.02829,87.86099,87.08774,86.63597,85.698845,85.15986,84.52179,83.09026,82.17481,80.491,80.114685,79.181946,78.4865,77.95252,76.87183,77.25697,76.03614,75.359795,74.41007,73.21725,72.54581,71.43659,71.08268,69.67921,76.04556,75.07405,74.00804,72.58487,71.1011,70.38182,69.61109,68.73286,67.83654
2024-12-12,72.50684,89.02672,90.23194,90.20859,90.73118,88.52221,86.10188,85.103584,83.88011,87.560844,100.22992,100.86025,100.235016,100.741005,98.987274,98.023186,97.1601,96.26143,101.267944,106.013115,103.74349,103.559586,104.329254,102.42602,101.09007,100.107,99.526505,106.65443,107.66566,105.645424,104.80368,104.24028,102.910866,101.6177,100.606476,99.995224,112.08515,110.20917,107.21051,105.70927,105.21181,103.34583,102.0879,101.3169,100.721176,111.38496,108.74511,106.60151,105.22446,104.35212,102.97904,101.60705,101.15771,100.438934,109.49657,107.24009,105.42501,104.4128,103.26808,101.96818,101.06464,100.39867,99.45388,106.78072,104.74697,103.69148,102.6914,101.48202,100.620705,99.75491,99.10633,98.24169,104.56572,102.22239,101.17189,100.42413,99.6898,98.945145,98.08877,97.4647,96.836075,102.156906,100.912544,99.137314,98.25573,97.5109,96.83467,96.24908,95.71958,95.22141,98.70511,97.41874,96.43151,95.37544,94.46455,94.0138,93.13657,92.47614,91.83676,93.439896,92.11798,90.47639,89.496155,89.270966,88.482056,87.582245,86.908264,86.08229,85.13714,84.27581,83.235275,81.7405,81.10508,80.475075,79.68413,78.84412,78.20401,78.93283,77.22191,76.49613,75.27485,74.181015,73.12599,71.0738,72.07768,71.07689,77.174736,75.834755,74.564514,73.52865,71.949615,71.48609,70.34734,69.584885,68.81333
2024-12-13,74.340034,91.28513,91.97392,91.768425,92.03411,90.54165,88.34849,87.72067,86.76445,85.8945,98.83056,99.3635,99.59312,100.6694,99.13688,98.42985,97.44297,96.74172,101.30251,105.58995,103.29062,103.12964,103.70102,102.55432,101.36273,100.58834,100.35806,106.370186,106.80778,104.65282,103.913765,104.05519,102.60982,101.4499,100.857765,100.17572,112.17891,109.49958,106.25607,105.00086,104.468765,103.47632,102.5646,101.58234,101.477165,112.07207,108.5218,106.01272,105.0633,104.09292,102.94104,101.80884,101.66961,100.89515,110.28378,107.33471,105.24394,104.39332,103.38973,102.37703,101.19384,100.75975,99.92841,106.626015,104.65271,103.731674,102.70239,101.784454,100.868515,100.02851,99.42625,98.93866,104.10572,102.41264,101.389435,100.88341,99.812225,99.22622,98.329285,98.09107,97.349976,102.57003,100.670746,99.420364,99.01021,98.038536,97.27137,96.54312,96.31863,95.5992,98.68039,97.74757,96.56504,95.65935,94.81415,94.02805,93.43137,93.022766,92.08939,93.56296,92.71459,91.513245,90.46385,89.389114,88.983315,88.00009,87.326,86.55707,85.20699,84.58412,83.62486,81.80227,81.50023,80.86259,80.042725,79.31247,78.22244,78.86142,77.09012,76.691826,75.48163,74.37357,73.73527,72.75784,72.36379,71.13755,76.69512,75.61322,74.9085,73.85477,72.23114,71.637535,70.7243,68.672806,69.158485
2024-12-16,78.6466,96.53563,97.06749,97.15385,97.28291,95.52952,93.62512,92.62864,91.51867,85.96833,98.92499,99.205,99.80425,100.24385,98.97315,97.98898,97.10302,96.582504,101.110245,105.680626,103.53529,103.39975,103.68493,102.46362,101.344986,100.553215,100.02122,106.944595,107.29314,105.84306,104.73055,104.11513,103.06525,102.03606,101.41439,100.424,112.7306,110.03271,106.91312,105.658516,104.90784,103.66768,102.65386,101.929115,101.27947,111.89851,108.54237,106.45174,105.14491,104.318504,103.36683,102.095146,101.43752,100.92068,110.05619,108.04712,105.52607,104.797325,103.62403,102.577675,101.33849,100.841324,100.47486,106.91168,104.971245,103.52057,102.663536,101.7962,101.00864,100.09275,99.585045,98.90767,104.69474,102.63713,101.600204,100.781555,99.96713,99.48707,98.55819,97.77246,97.411896,102.793015,101.02541,99.76685,99.01863,98.23384,97.72194,96.82456,96.521706,96.09039,98.91997,97.68387,96.64594,96.0062,95.158676,94.546646,93.94977,93.284004,92.27431,93.75871,92.481735,91.42552,90.74901,89.891884,89.23496,88.467575,87.56473,86.75289,84.90561,84.55805,83.66133,82.4765,81.36988,80.67982,79.81113,79.39858,78.741585,78.86935,77.014336,76.51046,75.667114,74.51031,73.44272,72.93311,72.63775,71.51611,76.87294,75.96847,74.97719,73.82886,72.48121,71.88032,69.46561,70.267624,68.42259
2024-12-17,77.29914,95.405396,95.35115,96.05937,96.38321,95.14903,93.41725,92.402725,91.60767,84.83821,98.51437,98.62567,99.07568,99.9541,98.68549,97.90042,96.93405,96.47374,98.972595,104.97174,103.1838,103.25885,103.74228,103.184456,101.471436,100.682045,100.29058,105.28989,106.61114,105.01524,104.6586,104.575134,103.5184,102.30046,101.63693,101.12364,111.40119,108.99138,106.39504,105.63614,105.13162,104.0666,102.94201,102.09959,101.72412,111.29805,108.774185,106.348465,105.0452,104.40379,103.37674,102.676834,101.87358,101.28633,110.58688,107.56443,105.42999,104.53282,103.49129,102.39442,101.496796,101.07918,100.183174,106.68281,104.62163,103.49253,102.59129,102.23615,100.928314,100.226166,99.64812,99.51314,104.47839,102.602684,101.63456,101.08067,100.13043,99.58666,98.63488,98.126335,97.56243,102.58108,100.68986,99.75105,98.95253,98.47286,98.057144,96.991554,96.56578,96.157974,98.81493,97.46233,96.7215,95.828186,95.33358,94.44819,93.84982,93.557304,92.83279,93.55163,92.4366,91.52477,90.71843,89.39305,89.161354,88.60538,87.32384,87.242424,85.38111,84.05647,83.56422,82.29731,81.72477,80.83346,80.30905,79.64529,78.67371,78.686745,77.42809,76.25311,75.186066,74.643326,74.180046,73.122856,72.56955,71.971825,76.90958,76.07653,74.691574,73.91626,72.68909,72.059654,70.95693,70.44382,69.49716
2024-12-18,76.81625,94.98473,95.281364,96.26002,96.649704,95.532776,93.825584,92.9301,91.94566,83.99378,99.65787,100.442505,101.819145,103.13611,102.005745,101.17667,100.58442,100.27463,98.21295,106.00518,105.22771,105.246025,105.91309,105.30744,103.8268,103.11383,102.671295,105.00433,107.789665,106.54617,106.18956,106.39299,105.27047,104.08131,103.669395,103.09577,110.97894,110.02986,107.9019,107.17063,106.72746,105.78378,104.68147,104.03853,103.45499,111.51093,109.509445,107.32286,106.374954,105.719505,104.66445,103.8015,103.31901,102.68122,110.63701,108.79508,106.663666,106.614456,104.77327,103.83066,102.85969,102.45583,101.76795,107.63265,105.68055,104.32863,103.71092,102.85345,102.169044,101.319725,100.83383,100.282104,105.595795,103.73269,102.64838,101.81154,101.224045,100.66862,99.77322,99.36103,98.76871,103.36123,101.63246,100.71471,100.14916,99.44203,98.93278,97.95874,97.72067,97.152374,99.88401,98.49808,97.518974,96.73003,96.161575,95.4582,94.77898,94.25959,93.700066,94.26331,93.41951,92.40442,91.5171,90.70439,89.19238,89.43326,88.511765,87.67923,85.82176,85.1576,84.36736,83.460464,82.213936,81.63646,80.920334,80.13535,79.54285,79.4559,78.117355,77.174614,76.39198,75.27732,74.67346,73.76061,73.19249,72.04426,77.44978,76.29918,75.62483,74.260635,73.18947,72.4805,71.5942,70.819244,69.978065
2024-12-19,75.562164,92.874565,93.78775,94.86108,96.78259,95.57431,94.423965,93.714554,93.02569,82.90439,98.584946,99.46234,101.03746,102.67181,102.0591,101.57491,100.97924,100.58965,97.84483,105.85457,104.913284,105.38587,106.2692,105.39901,104.40188,103.88118,103.46103,105.73194,108.81395,107.91224,107.533104,107.35322,106.67544,105.86106,104.70175,104.33692,111.84331,111.30105,108.967926,107.98068,107.678154,106.663155,105.60464,104.98534,104.53661,112.33836,110.38075,107.97271,107.40748,106.577545,105.71798,104.66519,104.08375,103.53686,110.99924,109.16962,106.79074,106.42354,105.641785,104.69099,103.73421,103.25949,102.763725,108.14597,106.07088,104.83864,104.29929,103.72999,103.11375,102.58556,101.7607,101.18562,105.96208,104.26585,103.20709,102.55541,101.99232,101.47862,100.703125,100.351616,99.63166,103.890526,102.21417,101.43382,100.743355,100.14941,99.68311,99.16229,98.60939,98.08029,100.47165,98.96024,98.15877,97.67718,96.84163,96.44034,95.69682,95.40329,94.65118,94.934525,93.74031,92.86036,92.12484,91.451836,90.73925,89.974365,86.955696,88.722755,86.192345,85.14678,84.53808,83.79401,82.82891,82.08262,81.22393,80.57656,79.98607,79.312805,78.21019,77.66759,76.676956,75.787315,75.21412,73.85258,73.829796,72.78217,77.60147,76.63171,75.92203,74.800064,73.70561,72.96911,71.97142,71.3506,70.5665
2024-12-20,76.325516,93.224625,94.08577,95.38181,97.22087,96.11576,94.79134,94.250595,93.508835,83.654564,99.328224,100.082085,101.78516,103.82934,102.58062,102.7077,101.59706,101.27302,97.40498,105.39054,104.33611,104.84311,105.46251,105.01032,104.21147,103.59009,103.13352,104.800766,107.92269,105.98212,106.3702,105.961174,105.203896,104.36057,103.832504,103.18456,111.162674,109.88717,107.89645,106.517624,106.22927,105.37689,104.744385,104.17817,103.53839,112.25232,109.46143,106.91263,106.16586,105.442444,104.73711,104.19145,103.714905,102.9961,109.59209,107.86336,106.15172,105.313576,104.52163,103.82443,103.17582,102.670006,102.19555,107.31124,105.56665,103.92031,103.567726,102.97111,102.46583,101.67503,101.16658,100.672646,105.15831,103.08551,102.210365,101.85039,101.275116,100.88834,100.069305,99.570404,99.34935,103.18769,101.39828,100.63539,100.16497,99.37231,99.22339,98.436295,98.23062,97.79687,99.77354,98.088,97.46361,96.8993,96.34777,95.83272,95.04587,94.82381,94.1157,94.05482,93.0022,92.35991,91.599846,91.08288,90.54765,89.90618,89.172195,88.65646,85.64733,85.205124,84.28728,83.5379,82.34294,82.00789,81.28491,80.31813,80.03007,79.40072,77.71002,77.20496,76.5785,75.26467,75.23039,74.17403,73.74036,72.94464,77.14175,76.32997,75.63491,74.58094,73.10213,72.955215,72.07372,71.451126,70.363304
2024-12-23,79.30517,96.984276,97.5742,98.742516,101.148346,99.93481,98.72059,98.16606,97.361855,86.32496,101.649025,101.42962,102.99257,104.16274,103.17859,103.04362,102.60684,101.93856,99.25088,107.42084,105.555214,105.88867,106.74284,105.85885,105.42294,104.72667,104.2417,106.92976,109.51042,107.64194,107.19887,107.50002,106.18812,105.6315,104.98612,104.49693,112.28186,111.33546,108.69662,107.49576,107.43136,106.23165,105.69166,105.15661,104.6628,113.84236,111.07713,108.1092,106.95359,106.334526,105.683655,104.93415,104.271065,103.781654,111.38665,109.42133,106.79142,106.19968,105.47313,104.6451,104.08526,103.49118,103.05646,108.48143,106.182205,104.53019,104.588234,103.66735,103.1297,102.64316,101.91657,101.55224,106.17844,104.7348,102.81795,102.361984,101.82803,101.650314,100.674446,100.17424,99.80735,103.96705,101.88045,101.0082,100.62107,100.38752,99.71613,99.02325,98.67946,98.18039,100.57208,98.853546,98.026535,97.47875,96.91764,96.34997,96.04619,95.46798,94.856094,95.269516,94.076675,93.059105,92.23605,91.78153,91.13275,90.46623,89.51011,89.04779,86.61365,85.786766,84.724075,84.077995,82.992546,82.51328,81.66926,81.25369,80.49913,80.24746,78.64469,78.11061,77.244736,76.22116,75.74561,74.486176,74.22418,73.46701,78.37287,77.3112,76.355934,75.34737,74.14922,73.36841,71.90014,72.178444,71.13682
2024-12-24,77.58539,96.791725,98.05586,99.66275,102.09845,101.28985,100.394745,99.79036,99.204,86.99766,102.56665,102.647736,103.7455,105.50216,104.48584,104.07386,103.74809,103.06691,99.355316,106.85642,106.16057,106.44563,107.38727,106.6023,105.82482,105.230774,105.30924,106.82371,109.58829,108.08057,107.63833,107.68951,106.85856,106.16636,105.563934,105.010345,112.71863,111.603035,109.09644,107.91348,107.63783,106.790924,106.12522,105.59579,105.029045,112.87819,111.13736,108.29943,107.25708,106.6246,105.83036,105.12635,104.64191,104.10196,110.810326,109.3774,106.8463,106.418076,105.62532,104.98772,104.14898,103.62888,103.170746,107.95713,105.815994,104.52669,104.053116,103.681496,103.17525,102.35656,102.079254,101.18814,105.84101,103.834114,102.929794,102.36422,101.94354,101.411736,100.62295,100.098694,99.694084,103.524284,101.44252,100.749855,100.449844,99.88851,99.45222,98.6816,98.450325,97.902176,100.20245,98.45455,97.68938,97.26916,96.80806,96.18455,95.42326,95.08574,94.46123,94.679794,93.769196,92.77256,92.066,91.40715,90.64416,89.98357,89.347916,88.70172,86.10784,85.42769,84.57042,83.57194,82.50829,82.15307,81.38801,80.64624,79.60202,79.59046,78.0884,77.61515,76.576614,75.66155,75.00034,74.33098,73.630585,73.00631,77.540436,76.80687,75.94048,74.72767,73.60568,72.619286,71.45362,71.48805,70.5145
2024-12-26,76.30992,94.82247,96.301414,97.67399,100.174614,99.35953,98.13585,97.95885,97.42596,87.45635,102.73917,102.86932,103.55706,104.96296,103.9253,103.49915,103.00202,103.04057,99.67326,106.78339,106.02603,105.89687,106.65758,105.75122,104.935295,104.4209,104.059654,106.94799,109.710915,108.067085,107.14106,107.0383,106.14961,105.34911,104.88208,104.270065,111.962395,111.69581,109.17831,107.20473,106.802826,106.03466,105.11699,104.94674,104.837105,111.84469,110.297585,108.071556,106.800865,106.070915,105.16007,104.52515,104.09394,103.446465,109.8598,108.43431,106.00997,105.46379,104.94597,104.15591,103.49114,103.03576,102.40446,107.49369,105.44481,103.85571,103.309555,103.134,102.39532,101.41185,101.031296,100.47722,105.47758,103.51686,102.223274,101.54767,101.08793,100.56745,99.733025,99.2427,98.963,103.02001,100.72706,99.88041,99.39359,99.02124,98.58644,97.802414,97.5902,97.30853,99.69048,97.91563,97.146095,96.48292,96.05282,95.42513,94.693924,94.26637,93.61105,94.111,93.18793,92.146576,91.53964,90.76051,90.200005,89.47375,88.79689,87.99838,85.668106,84.92335,83.97335,83.16059,82.06284,81.61496,80.61008,80.160416,79.41657,78.10062,77.734535,75.764915,76.06322,75.231445,74.77957,73.70517,73.40837,72.56069,77.441635,76.38115,75.67836,74.44055,72.96153,72.49447,70.33247,71.21283,69.12551
2024-12-27,76.18798,94.70361,96.36788,97.86284,100.1505,99.4055,98.37731,98.01702,97.20617,88.37046,103.94533,103.67433,104.53423,105.84696,104.8081,104.35422,103.813065,103.13962,100.0717,107.25446,106.6578,106.58434,107.40533,106.384865,105.803345,105.131966,104.51437,107.294556,110.21257,108.49598,107.88178,107.7076,106.843864,106.01067,105.33381,104.74689,111.62602,111.351364,108.917885,107.91162,107.69273,106.66738,106.02802,105.328575,104.840836,112.51851,110.74996,108.27086,107.20456,106.57487,105.71669,105.01659,104.23427,103.83458,110.22901,108.770744,106.545586,106.21693,105.61391,104.84167,104.15831,103.61897,103.20552,108.12985,105.98172,104.68198,103.99222,103.45185,102.78022,101.93687,101.31668,100.84765,105.75716,104.05332,103.02844,102.43658,101.825584,101.24112,100.38858,99.88299,99.58194,103.45797,101.44995,100.66023,100.65718,100.031456,99.29356,98.6007,98.09629,97.623085,100.272896,98.50244,97.84772,97.21627,96.66689,96.14751,95.45116,94.414406,94.38325,94.772194,93.92422,92.83198,92.11922,91.46024,90.74396,90.15991,89.4262,88.71792,86.24177,85.2883,84.42797,83.76877,82.78683,81.85977,81.41436,80.852684,80.01404,79.79739,78.25746,77.76271,76.37305,75.55855,75.22595,74.44118,73.906555,72.88423,77.71686,76.45331,75.96575,74.84643,73.75783,73.1737,71.859764,71.56039,70.53364
2024-12-30,81.45429,100.475525,101.47115,102.746025,104.98486,103.703186,102.07937,101.6443,100.99694,90.67936,104.94001,104.07903,104.14335,105.34693,103.893074,103.27798,102.800964,102.514015,101.79551,108.115524,106.61344,106.07242,106.19018,105.32822,104.06774,103.72063,103.628845,108.72138,110.85921,108.47212,107.316605,106.613846,105.5788,104.71128,104.24833,103.59117,111.902306,111.6097,108.737595,107.78956,106.460464,105.64104,104.46844,104.26206,103.64223,111.523865,110.48906,108.033165,106.62557,105.499664,104.74262,103.915306,103.32611,102.88281,110.08949,108.36578,106.02624,105.411545,104.72252,103.79278,103.0378,102.69725,101.96827,107.52114,105.95882,103.98823,103.427444,102.49592,102.205864,101.303215,100.89634,100.1184,106.08104,103.880646,102.66227,102.04098,101.35482,100.627556,99.92506,99.737,98.95358,103.221634,101.01824,100.27517,99.81771,99.575584,99.0114,98.11075,97.77263,97.273705,100.03963,98.44952,97.54179,96.8756,96.46403,95.8091,95.002075,94.403336,93.77106,94.76027,93.42202,92.60917,91.788574,91.22514,90.350845,89.78777,88.97631,88.50132,85.80446,85.25286,84.41219,83.46992,82.27565,81.89774,81.12268,80.58885,79.72048,79.59607,78.07972,77.29183,75.77131,75.236534,75.03569,74.21492,73.56221,72.742226,77.77583,76.52525,75.64226,74.50764,73.42214,72.75048,71.93425,71.31701,70.19907
2024-12-31,81.023636,99.83773,100.69325,102.36787,104.27073,102.85653,101.53898,100.960686,99.990295,89.461975,103.68547,103.106255,103.20613,104.43951,103.42081,102.4742,102.18903,101.03146,101.19643,107.37096,106.06239,105.368835,105.56618,104.72491,103.78878,102.91566,102.76297,108.608864,110.22209,108.03226,106.72286,106.26148,105.173225,104.34248,103.57508,103.23045,112.343445,111.29676,108.365234,106.693886,106.223854,105.63299,104.195465,103.668274,103.51911,111.262505,111.04518,107.707565,106.20283,105.532616,104.3254,103.89032,102.878426,102.3982,109.88833,108.52795,105.45256,104.863556,104.519066,103.55593,102.720184,102.213234,101.46132,106.06848,105.14106,103.342064,102.847466,102.57405,101.59666,100.85516,100.299286,99.83302,104.89942,102.97409,101.75361,101.30933,100.77011,100.14884,99.403366,98.77624,98.496895,102.674675,101.02436,99.77329,99.34137,98.90295,98.44207,97.68883,97.40399,96.87826,99.58207,98.28841,97.36421,96.69647,96.1613,95.420494,94.73604,94.08704,93.574776,94.23938,93.44783,92.44549,91.58498,90.65175,90.21822,89.47884,88.86257,88.27628,85.734,85.083855,84.045105,83.35589,82.053276,81.64889,81.10002,80.466156,79.8123,79.37188,77.591385,77.2233,76.51778,75.09647,74.85082,74.0077,73.58483,72.870674,77.497734,76.9451,75.94077,74.59781,73.35506,72.88855,71.779335,71.331604,70.512184
2025-01-02,79.47218,98.31513,99.284225,100.64664,102.87804,101.472404,100.12196,99.450066,98.79369,88.64994,103.92752,103.73599,103.7037,104.40001,103.11246,102.57825,101.790276,101.12241,100.199875,107.90563,106.54431,105.962875,106.04481,104.88447,103.85414,103.04639,102.26882,107.91195,109.87536,107.85294,106.5824,106.01214,105.003525,104.12453,103.38629,102.68097,111.956535,111.17471,108.04342,106.516106,105.914505,104.91309,104.090546,103.42605,102.85457,112.00854,109.83071,107.48326,106.2599,105.70955,104.52709,103.74604,102.98659,102.452675,109.985985,108.23413,105.66617,105.2804,104.54485,103.543,102.762596,102.12175,101.542366,106.86193,105.27636,103.65787,103.21311,102.50993,101.95341,101.08495,100.590935,100.134766,105.21988,103.31706,102.34985,101.56656,101.1254,100.42463,99.71057,99.24987,98.81066,103.0757,101.454636,100.42866,99.88565,99.40662,98.74606,98.07384,97.76646,97.165794,100.13098,98.87697,97.84938,97.107086,96.49389,95.9001,95.13063,94.72125,94.215004,94.01817,93.63747,92.47349,91.924545,91.172066,90.43219,89.905975,89.09649,88.59981,85.65142,85.59351,84.70351,83.62813,82.6147,81.99701,81.43227,80.8521,80.07365,79.43334,78.0788,77.373886,76.4862,75.67393,75.133156,74.17322,73.83943,72.99387,77.70809,76.82202,76.088486,74.81687,73.55393,72.99007,72.00785,71.53696,70.553154
2025-01-03,77.090965,95.45533,96.443344,97.836395,99.88948,98.43756,97.18736,96.64836,95.96596,88.10527,102.67648,102.23585,102.64945,103.691345,102.0915,101.533775,100.74737,100.11124,100.49159,107.54207,106.09076,105.49034,105.74106,104.22517,103.567245,102.34919,101.56496,107.6043,109.47059,107.35469,106.84189,106.45163,104.492744,103.84341,102.77552,102.21056,111.40287,110.596,107.50543,106.14734,105.52222,104.159325,104.144165,102.70317,102.19039,111.7805,109.49652,107.150635,105.92543,104.912346,103.97841,103.37478,102.40453,102.38643,109.87934,108.30761,105.82036,105.34558,104.58929,104.0572,102.92202,102.204056,101.88153,107.00804,105.42965,103.78322,103.2613,102.76787,102.087006,101.120804,100.70956,100.38286,105.29199,103.42015,102.39229,101.77174,101.18433,100.43959,100.00842,99.40518,99.148575,103.429,101.90051,100.77043,100.140205,99.45207,99.03637,98.32396,98.12569,97.513725,100.24708,98.962135,98.05703,97.46242,96.78355,96.14514,95.592125,95.111206,94.36456,94.94569,94.37379,93.19229,92.42042,91.540504,90.85102,90.31201,89.70065,88.88464,86.312355,86.12803,85.19556,84.10769,82.91045,82.44051,81.83806,81.35537,80.33707,79.91735,78.51994,77.634285,76.993004,76.08787,75.59705,74.657715,73.98961,73.46745,78.15502,77.38562,76.53919,75.3698,74.180214,73.60512,72.62045,71.98021,71.224724
2025-01-06,80.49955,99.558136,100.65855,102.22762,104.33096,102.91283,101.601845,100.87703,100.02701,89.82326,104.83725,104.863846,104.92635,105.33096,103.75095,103.43612,102.25366,101.71225,100.01039,107.61132,106.48428,106.0177,106.066864,104.71863,103.80262,102.68586,101.934906,107.767265,109.71556,107.9205,107.13795,106.62394,105.28727,104.37582,103.411285,102.71635,111.53149,110.91549,108.15395,106.868576,106.14641,104.96386,104.13667,103.255066,102.634865,112.26612,110.09802,108.069885,106.659454,105.69502,104.64399,103.87152,103.13788,102.51809,110.3211,108.72103,106.249374,105.70519,104.86506,104.092705,103.12165,102.43891,101.94597,107.29892,105.7676,104.23426,103.564445,103.10605,102.35865,101.54054,101.02798,100.46715,105.51402,103.80093,102.77979,102.17086,101.504944,100.94202,100.18008,99.629845,99.02352,103.58446,102.25572,101.443054,100.662445,100.033905,99.64581,98.71683,98.30165,97.80351,100.44618,99.22315,98.5712,97.77862,97.314545,96.61377,95.914856,95.44897,94.75724,95.64686,94.55222,93.60356,92.83609,91.96863,91.29121,90.718735,90.05312,89.51206,87.11422,86.55721,85.45091,84.391785,83.56582,82.848045,82.120834,81.60777,80.64085,80.29406,79.24635,77.78329,77.41998,76.53392,76.00339,75.08824,74.34108,73.69637,78.63218,77.56514,76.80268,75.55804,74.432144,73.77705,72.97161,72.42357,71.45873
2025-01-07,85.354324,104.31741,105.45814,106.57176,108.82656,107.17965,106.34085,105.08099,104.09947,88.40877,104.10758,104.640366,104.79302,105.53785,103.87875,103.515686,103.15193,101.76252,98.84309,107.44277,106.52746,106.20812,106.64581,105.04449,104.259995,103.20281,102.47514,106.85285,109.261116,108.146255,107.12858,106.78018,105.354225,104.5995,103.65369,102.85933,110.9217,110.89282,108.457794,106.94864,106.67083,105.34602,104.51325,103.74949,103.0343,112.376884,110.15044,108.14636,106.81003,105.86165,105.08516,104.13994,103.35219,102.84679,110.9506,109.099915,106.53183,106.100136,105.02631,104.09123,103.70588,102.61734,102.58727,107.54809,105.93476,104.56153,103.860435,103.30065,102.72958,101.86304,101.381645,100.85042,105.91915,104.45144,103.170334,102.50129,101.86894,101.09601,100.63665,100.40049,99.6872,103.99293,103.16923,101.9318,101.26955,100.45651,99.99566,99.34648,98.91135,98.26145,101.04004,100.03676,99.03554,98.37683,97.93465,97.09885,96.49733,95.91524,95.217316,95.99535,95.42443,94.21075,93.52966,92.44627,92.05139,91.11467,90.66439,90.02902,87.483826,87.07809,86.03571,85.232834,84.10551,83.48626,82.90212,82.030945,81.685776,81.03191,79.77242,78.85753,77.893166,76.95467,76.46269,75.75761,75.26742,74.268326,79.17442,78.411095,77.70224,76.38496,74.67942,74.601265,73.529976,72.86056,72.06595
2025-01-08,82.861755,102.019775,102.77114,103.529274,104.92251,103.86563,102.65098,102.76808,101.80015,88.946625,103.82631,104.273766,104.43937,105.32669,104.03638,103.45384,102.79665,102.116974,100.35818,107.28207,106.12374,105.84028,106.33054,105.206955,104.13289,103.4508,102.56386,107.750275,109.82103,108.014275,106.94443,106.55761,105.1757,104.52549,104.27069,102.96987,112.066795,111.30928,108.56342,107.62331,106.6461,105.453094,104.29855,103.71572,102.942184,112.6801,110.37541,108.21111,106.93093,106.10841,104.91167,104.04228,103.24996,102.86538,111.29347,109.748474,106.49033,106.020294,105.28128,104.324974,103.28963,102.63352,102.202034,108.730995,105.87299,104.3023,103.872025,103.343956,102.50399,101.67603,101.182945,100.83227,106.09439,104.11729,103.113625,102.45156,101.834816,101.32284,100.519875,100.115875,99.591415,104.45738,102.700836,101.79803,101.02701,100.90623,99.983086,99.04656,98.934204,98.19751,101.48534,100.08227,98.965515,98.28434,97.78244,97.135284,96.23534,95.920425,95.46047,95.58818,94.93142,93.8679,93.29681,92.44083,91.945175,91.231186,90.545525,89.97957,87.54547,86.92283,86.07545,84.835754,83.92727,83.05705,82.570114,82.0003,81.16076,80.988625,79.404015,78.85777,77.563225,76.70794,76.29186,75.389206,74.89418,73.564705,78.8932,77.563965,77.43242,76.11624,74.394356,74.29947,73.02331,72.78716,71.78025
2025-01-09,81.9074,101.91655,102.12734,102.89979,104.17476,103.09613,102.03487,102.09584,100.85176,90.22394,104.541695,104.92483,105.0014,105.58826,104.135086,103.64898,102.943695,102.2442,101.58911,107.831955,106.689995,105.91438,106.100006,104.625984,103.7865,102.938156,101.99594,108.811,110.563126,108.50651,107.4279,106.77526,105.318405,104.48866,103.461235,102.364815,112.86126,111.91165,109.02601,107.126305,106.31234,104.97484,104.11593,103.32995,102.38219,113.48512,110.79095,108.92812,107.104355,105.59961,104.58729,103.69808,102.859726,102.30016,112.34857,109.583046,107.22577,107.12239,104.94044,103.97385,103.00739,102.31282,102.168365,109.3612,106.39434,105.03635,104.19286,103.32069,102.47687,101.49215,100.9442,100.53574,106.14565,104.17219,103.13902,102.44363,101.738686,101.07025,100.33037,99.862885,99.582054,104.38569,103.222755,101.70613,100.9913,100.34709,99.78979,99.17625,98.65355,98.13212,101.014824,99.854774,98.78599,98.25699,97.56014,96.77972,96.128654,95.955215,95.04231,95.58005,94.917854,93.9734,93.10399,92.303085,91.814995,91.00206,90.46179,89.806435,87.526184,86.98932,85.64667,84.731316,83.11621,83.251,82.220245,80.92295,81.35587,80.85007,79.40999,78.777275,77.4675,76.5888,76.25931,75.341934,75.00749,73.85823,78.98556,78.2312,77.21623,75.98273,74.43528,74.09353,73.08859,72.637794,70.600494
2025-01-10,74.5112,97.91772,98.57223,100.23152,102.03227,101.15352,100.27902,99.91341,99.40048,90.68215,106.895195,107.35615,107.20858,107.48517,105.72458,105.04022,103.97889,103.07248,102.83413,110.38969,108.77349,108.08464,107.94185,106.30366,105.18203,104.5533,103.355255,111.29693,112.915726,110.60148,109.64112,108.32853,106.68294,105.66063,104.96516,103.89983,115.961296,114.36209,111.18884,109.16856,107.916176,106.48362,105.34242,104.53492,103.6355,116.43672,113.26618,111.21033,108.98134,107.1777,105.92178,104.981514,104.18795,103.61029,114.789764,111.419106,109.23695,107.91374,106.25154,104.9565,104.08954,103.41773,102.87094,111.03833,108.126686,106.713486,105.508804,104.17643,103.45713,102.48156,102.408455,101.44408,108.1583,105.85205,104.38398,103.40691,102.48113,101.83876,101.08814,100.9555,100.04722,105.68745,103.34564,102.289,101.569016,100.87875,100.39761,99.43443,99.204895,98.611084,101.699486,100.31251,99.30508,99.02639,97.98595,97.68086,96.55493,96.1751,95.70658,96.07986,95.77046,94.51448,93.871346,92.67508,92.483505,91.72827,90.9263,90.5561,88.006744,87.84056,87.158394,85.921234,84.81512,84.161964,83.51927,82.59269,82.14475,81.71335,80.2637,79.52905,78.6808,77.69673,77.0567,76.14347,75.78663,74.92951,79.83491,79.17585,78.29999,77.006,75.44733,74.891594,74.008286,73.59159,72.61077
